--------------------------------------------------------
--  Arquivo criado - Terça-feira-Junho-28-2011   
--------------------------------------------------------
  DROP TABLE "SYSTEMDB"."TBBAIRRO" cascade constraints;
  DROP TABLE "SYSTEMDB"."TBBAIRRO_HAS_TBCEP" cascade constraints;
  DROP TABLE "SYSTEMDB"."TBCEP" cascade constraints;
  DROP TABLE "SYSTEMDB"."TBCIDADE" cascade constraints;
  DROP TABLE "SYSTEMDB"."TBCIDADE_HAS_TBESTADO" cascade constraints;
  DROP TABLE "SYSTEMDB"."TBCLIENTE" cascade constraints;
  DROP TABLE "SYSTEMDB"."TBDEPARTAMENTO" cascade constraints;
  DROP TABLE "SYSTEMDB"."TBENDERECO" cascade constraints;
  DROP TABLE "SYSTEMDB"."TBENDERECO_HAS_TBBAI_CEP" cascade constraints;
  DROP TABLE "SYSTEMDB"."TBESTADO" cascade constraints;
  DROP TABLE "SYSTEMDB"."TBFORNECEDOR" cascade constraints;
  DROP TABLE "SYSTEMDB"."TBFUNCIONARIO" cascade constraints;
  DROP TABLE "SYSTEMDB"."TBITENSVENDA" cascade constraints;
  DROP TABLE "SYSTEMDB"."TBMARCA" cascade constraints;
  DROP TABLE "SYSTEMDB"."TBMODELO" cascade constraints;
  DROP TABLE "SYSTEMDB"."TBNOMEPROD" cascade constraints;
  DROP TABLE "SYSTEMDB"."TBPAIS" cascade constraints;
  DROP TABLE "SYSTEMDB"."TBPESSOA" cascade constraints;
  DROP TABLE "SYSTEMDB"."TBPRODUTO" cascade constraints;
  DROP TABLE "SYSTEMDB"."TBREGIAO" cascade constraints;
  DROP TABLE "SYSTEMDB"."TBREGIAO_HAS_TBPAIS" cascade constraints;
  DROP TABLE "SYSTEMDB"."TBSETOR" cascade constraints;
  DROP TABLE "SYSTEMDB"."TBTRANSPORTADORA" cascade constraints;
  DROP TABLE "SYSTEMDB"."TBUSUARIO" cascade constraints;
  DROP TABLE "SYSTEMDB"."TBVENDAS" cascade constraints;
--------------------------------------------------------
--  DDL for Table TBBAIRRO
--------------------------------------------------------

  CREATE TABLE "SYSTEMDB"."TBBAIRRO" 
   (	"CODBAIRRO" NUMBER, 
	"BAIRRO" VARCHAR2(50 BYTE)
   ) PCTFREE 10 PCTUSED 40 INITRANS 1 MAXTRANS 255 NOCOMPRESS LOGGING
  STORAGE(INITIAL 65536 NEXT 1048576 MINEXTENTS 1 MAXEXTENTS 2147483645
  PCTINCREASE 0 FREELISTS 1 FREELIST GROUPS 1 BUFFER_POOL DEFAULT)
  TABLESPACE "USERS" ;
--------------------------------------------------------
--  DDL for Table TBBAIRRO_HAS_TBCEP
--------------------------------------------------------

  CREATE TABLE "SYSTEMDB"."TBBAIRRO_HAS_TBCEP" 
   (	"COD_BAIRRO_CEP" NUMBER, 
	"CODBAIRRO" NUMBER, 
	"CODCEP" NUMBER
   ) PCTFREE 10 PCTUSED 40 INITRANS 1 MAXTRANS 255 NOCOMPRESS LOGGING
  STORAGE(INITIAL 65536 NEXT 1048576 MINEXTENTS 1 MAXEXTENTS 2147483645
  PCTINCREASE 0 FREELISTS 1 FREELIST GROUPS 1 BUFFER_POOL DEFAULT)
  TABLESPACE "USERS" ;
--------------------------------------------------------
--  DDL for Table TBCEP
--------------------------------------------------------

  CREATE TABLE "SYSTEMDB"."TBCEP" 
   (	"CODCEP" NUMBER, 
	"COD_CIDADE_ESTADO" NUMBER, 
	"CEP" VARCHAR2(9 BYTE)
   ) PCTFREE 10 PCTUSED 40 INITRANS 1 MAXTRANS 255 NOCOMPRESS LOGGING
  STORAGE(INITIAL 65536 NEXT 1048576 MINEXTENTS 1 MAXEXTENTS 2147483645
  PCTINCREASE 0 FREELISTS 1 FREELIST GROUPS 1 BUFFER_POOL DEFAULT)
  TABLESPACE "USERS" ;
--------------------------------------------------------
--  DDL for Table TBCIDADE
--------------------------------------------------------

  CREATE TABLE "SYSTEMDB"."TBCIDADE" 
   (	"CODCIDADE" NUMBER, 
	"CIDADE" VARCHAR2(80 BYTE)
   ) PCTFREE 10 PCTUSED 40 INITRANS 1 MAXTRANS 255 NOCOMPRESS LOGGING
  STORAGE(INITIAL 65536 NEXT 1048576 MINEXTENTS 1 MAXEXTENTS 2147483645
  PCTINCREASE 0 FREELISTS 1 FREELIST GROUPS 1 BUFFER_POOL DEFAULT)
  TABLESPACE "USERS" ;
--------------------------------------------------------
--  DDL for Table TBCIDADE_HAS_TBESTADO
--------------------------------------------------------

  CREATE TABLE "SYSTEMDB"."TBCIDADE_HAS_TBESTADO" 
   (	"COD_CIDADE_ESTADO" NUMBER, 
	"CODCIDADE" NUMBER, 
	"CODESTADO" NUMBER
   ) PCTFREE 10 PCTUSED 40 INITRANS 1 MAXTRANS 255 NOCOMPRESS LOGGING
  STORAGE(INITIAL 65536 NEXT 1048576 MINEXTENTS 1 MAXEXTENTS 2147483645
  PCTINCREASE 0 FREELISTS 1 FREELIST GROUPS 1 BUFFER_POOL DEFAULT)
  TABLESPACE "USERS" ;
--------------------------------------------------------
--  DDL for Table TBCLIENTE
--------------------------------------------------------

  CREATE TABLE "SYSTEMDB"."TBCLIENTE" 
   (	"CODCLIE" NUMBER, 
	"CODPESSOA" NUMBER, 
	"EMPRESA" VARCHAR2(80 BYTE), 
	"FONEEMPRESA" VARCHAR2(13 BYTE), 
	"PROFISSAO" VARCHAR2(80 BYTE), 
	"RENDA" NUMBER, 
	"FAX" VARCHAR2(13 BYTE)
   ) PCTFREE 10 PCTUSED 40 INITRANS 1 MAXTRANS 255 NOCOMPRESS LOGGING
  STORAGE(INITIAL 65536 NEXT 1048576 MINEXTENTS 1 MAXEXTENTS 2147483645
  PCTINCREASE 0 FREELISTS 1 FREELIST GROUPS 1 BUFFER_POOL DEFAULT)
  TABLESPACE "USERS" ;
--------------------------------------------------------
--  DDL for Table TBDEPARTAMENTO
--------------------------------------------------------

  CREATE TABLE "SYSTEMDB"."TBDEPARTAMENTO" 
   (	"CODDEPARTAMENTO" NUMBER, 
	"DEPARTAMENTO" VARCHAR2(50 BYTE)
   ) PCTFREE 10 PCTUSED 40 INITRANS 1 MAXTRANS 255 NOCOMPRESS LOGGING
  STORAGE(INITIAL 65536 NEXT 1048576 MINEXTENTS 1 MAXEXTENTS 2147483645
  PCTINCREASE 0 FREELISTS 1 FREELIST GROUPS 1 BUFFER_POOL DEFAULT)
  TABLESPACE "USERS" ;
--------------------------------------------------------
--  DDL for Table TBENDERECO
--------------------------------------------------------

  CREATE TABLE "SYSTEMDB"."TBENDERECO" 
   (	"CODENDERECO" NUMBER, 
	"ENDERECO" VARCHAR2(95 BYTE)
   ) PCTFREE 10 PCTUSED 40 INITRANS 1 MAXTRANS 255 NOCOMPRESS LOGGING
  STORAGE(INITIAL 65536 NEXT 1048576 MINEXTENTS 1 MAXEXTENTS 2147483645
  PCTINCREASE 0 FREELISTS 1 FREELIST GROUPS 1 BUFFER_POOL DEFAULT)
  TABLESPACE "USERS" ;
--------------------------------------------------------
--  DDL for Table TBENDERECO_HAS_TBBAI_CEP
--------------------------------------------------------

  CREATE TABLE "SYSTEMDB"."TBENDERECO_HAS_TBBAI_CEP" 
   (	"COD_ENDERECO_BAI_CEP" NUMBER, 
	"CODENDERECO" NUMBER, 
	"COD_BAIRRO_CEP" NUMBER
   ) PCTFREE 10 PCTUSED 40 INITRANS 1 MAXTRANS 255 NOCOMPRESS LOGGING
  STORAGE(INITIAL 65536 NEXT 1048576 MINEXTENTS 1 MAXEXTENTS 2147483645
  PCTINCREASE 0 FREELISTS 1 FREELIST GROUPS 1 BUFFER_POOL DEFAULT)
  TABLESPACE "USERS" ;
--------------------------------------------------------
--  DDL for Table TBESTADO
--------------------------------------------------------

  CREATE TABLE "SYSTEMDB"."TBESTADO" 
   (	"CODESTADO" NUMBER, 
	"COD_REGIAO_PAIS" NUMBER, 
	"ESTADO" VARCHAR2(50 BYTE)
   ) PCTFREE 10 PCTUSED 40 INITRANS 1 MAXTRANS 255 NOCOMPRESS LOGGING
  STORAGE(INITIAL 65536 NEXT 1048576 MINEXTENTS 1 MAXEXTENTS 2147483645
  PCTINCREASE 0 FREELISTS 1 FREELIST GROUPS 1 BUFFER_POOL DEFAULT)
  TABLESPACE "USERS" ;
--------------------------------------------------------
--  DDL for Table TBFORNECEDOR
--------------------------------------------------------

  CREATE TABLE "SYSTEMDB"."TBFORNECEDOR" 
   (	"CODFORN" NUMBER, 
	"CODPESSOA" NUMBER, 
	"SIGLA" VARCHAR2(50 BYTE), 
	"TIPOFORNECEDOR" VARCHAR2(80 BYTE), 
	"COMISSAO" NUMBER, 
	"HOMEPAGE" VARCHAR2(150 BYTE), 
	"FAX" VARCHAR2(13 BYTE), 
	"NOMECONTATO" VARCHAR2(70 BYTE), 
	"FONECONTATO" VARCHAR2(13 BYTE), 
	"COMPRAMINIMA" NUMBER, 
	"COMPRAMAXIMA" NUMBER
   ) PCTFREE 10 PCTUSED 40 INITRANS 1 MAXTRANS 255 NOCOMPRESS LOGGING
  STORAGE(INITIAL 65536 NEXT 1048576 MINEXTENTS 1 MAXEXTENTS 2147483645
  PCTINCREASE 0 FREELISTS 1 FREELIST GROUPS 1 BUFFER_POOL DEFAULT)
  TABLESPACE "USERS" ;
--------------------------------------------------------
--  DDL for Table TBFUNCIONARIO
--------------------------------------------------------

  CREATE TABLE "SYSTEMDB"."TBFUNCIONARIO" 
   (	"CODFUNC" NUMBER, 
	"CODPESSOA" NUMBER, 
	"DATAADMIS" DATE, 
	"NUMCONTRATO" VARCHAR2(40 BYTE), 
	"TIPOCONTRATO" VARCHAR2(50 BYTE), 
	"NUMPIS" VARCHAR2(14 BYTE), 
	"NUMCARTHABIL" VARCHAR2(11 BYTE), 
	"TITULOELEITOR" VARCHAR2(22 BYTE), 
	"NUMCARTTRAB" VARCHAR2(13 BYTE), 
	"CERTRESERVISTA" VARCHAR2(6 BYTE), 
	"CARGO" VARCHAR2(60 BYTE), 
	"TURNO" VARCHAR2(3 BYTE), 
	"HORAINICIAL" VARCHAR2(5 BYTE), 
	"HORAFINAL" VARCHAR2(5 BYTE), 
	"DIAPAGTO" NUMBER, 
	"BANCO" VARCHAR2(60 BYTE), 
	"NUMCONTA" VARCHAR2(16 BYTE), 
	"SALARIO" NUMBER, 
	"DATADEMIS" DATE, 
	"ATIVO" VARCHAR2(1 BYTE), 
	"CODSETOR" NUMBER, 
	"CODDEPARTAMENTO" NUMBER
   ) PCTFREE 10 PCTUSED 40 INITRANS 1 MAXTRANS 255 NOCOMPRESS LOGGING
  STORAGE(INITIAL 65536 NEXT 1048576 MINEXTENTS 1 MAXEXTENTS 2147483645
  PCTINCREASE 0 FREELISTS 1 FREELIST GROUPS 1 BUFFER_POOL DEFAULT)
  TABLESPACE "USERS" ;
--------------------------------------------------------
--  DDL for Table TBITENSVENDA
--------------------------------------------------------

  CREATE TABLE "SYSTEMDB"."TBITENSVENDA" 
   (	"CODITEM" NUMBER, 
	"NUMVENDA" NUMBER, 
	"CODPRODUTO" NUMBER, 
	"QTDADE" NUMBER
   ) PCTFREE 10 PCTUSED 40 INITRANS 1 MAXTRANS 255 NOCOMPRESS LOGGING
  STORAGE(INITIAL 65536 NEXT 1048576 MINEXTENTS 1 MAXEXTENTS 2147483645
  PCTINCREASE 0 FREELISTS 1 FREELIST GROUPS 1 BUFFER_POOL DEFAULT)
  TABLESPACE "USERS" ;
--------------------------------------------------------
--  DDL for Table TBMARCA
--------------------------------------------------------

  CREATE TABLE "SYSTEMDB"."TBMARCA" 
   (	"CODMARCA" NUMBER, 
	"MARCA" VARCHAR2(60 BYTE)
   ) PCTFREE 10 PCTUSED 40 INITRANS 1 MAXTRANS 255 NOCOMPRESS LOGGING
  STORAGE(INITIAL 65536 NEXT 1048576 MINEXTENTS 1 MAXEXTENTS 2147483645
  PCTINCREASE 0 FREELISTS 1 FREELIST GROUPS 1 BUFFER_POOL DEFAULT)
  TABLESPACE "USERS" ;
--------------------------------------------------------
--  DDL for Table TBMODELO
--------------------------------------------------------

  CREATE TABLE "SYSTEMDB"."TBMODELO" 
   (	"CODMODELO" NUMBER, 
	"MODELO" VARCHAR2(50 BYTE)
   ) PCTFREE 10 PCTUSED 40 INITRANS 1 MAXTRANS 255 NOCOMPRESS LOGGING
  STORAGE(INITIAL 65536 NEXT 1048576 MINEXTENTS 1 MAXEXTENTS 2147483645
  PCTINCREASE 0 FREELISTS 1 FREELIST GROUPS 1 BUFFER_POOL DEFAULT)
  TABLESPACE "USERS" ;
--------------------------------------------------------
--  DDL for Table TBNOMEPROD
--------------------------------------------------------

  CREATE TABLE "SYSTEMDB"."TBNOMEPROD" 
   (	"CODNOMEPROD" NUMBER, 
	"NOMEPROD" VARCHAR2(80 BYTE)
   ) PCTFREE 10 PCTUSED 40 INITRANS 1 MAXTRANS 255 NOCOMPRESS LOGGING
  STORAGE(INITIAL 65536 NEXT 1048576 MINEXTENTS 1 MAXEXTENTS 2147483645
  PCTINCREASE 0 FREELISTS 1 FREELIST GROUPS 1 BUFFER_POOL DEFAULT)
  TABLESPACE "USERS" ;
--------------------------------------------------------
--  DDL for Table TBPAIS
--------------------------------------------------------

  CREATE TABLE "SYSTEMDB"."TBPAIS" 
   (	"CODPAIS" NUMBER, 
	"PAIS" VARCHAR2(40 BYTE)
   ) PCTFREE 10 PCTUSED 40 INITRANS 1 MAXTRANS 255 NOCOMPRESS LOGGING
  STORAGE(INITIAL 65536 NEXT 1048576 MINEXTENTS 1 MAXEXTENTS 2147483645
  PCTINCREASE 0 FREELISTS 1 FREELIST GROUPS 1 BUFFER_POOL DEFAULT)
  TABLESPACE "USERS" ;
--------------------------------------------------------
--  DDL for Table TBPESSOA
--------------------------------------------------------

  CREATE TABLE "SYSTEMDB"."TBPESSOA" 
   (	"CODPESSOA" NUMBER, 
	"DATACADAS" TIMESTAMP (6), 
	"ULTALTERACAO" TIMESTAMP (6), 
	"NOME" VARCHAR2(70 BYTE), 
	"TIPOPESSOA" VARCHAR2(1 BYTE), 
	"CPFCNPJ" VARCHAR2(18 BYTE), 
	"RGIE" VARCHAR2(11 BYTE), 
	"INSCMUN" VARCHAR2(8 BYTE), 
	"SEXO" VARCHAR2(1 BYTE), 
	"ESTADOCIVIL" VARCHAR2(3 BYTE), 
	"DATANASC" DATE, 
	"NUMERO" NUMBER(*,0), 
	"COMPLEMENTO" VARCHAR2(50 BYTE), 
	"REFERENCIA" VARCHAR2(150 BYTE), 
	"FONE" VARCHAR2(13 BYTE), 
	"CELULAR1" VARCHAR2(13 BYTE), 
	"CELULAR2" VARCHAR2(13 BYTE), 
	"EMAIL" VARCHAR2(180 BYTE), 
	"MSN" VARCHAR2(180 BYTE), 
	"SKYPE" VARCHAR2(150 BYTE), 
	"DESCRICAO" VARCHAR2(500 BYTE), 
	"COD_ENDERECO_BAI_CEP" NUMBER(*,0), 
	"NOMEPAI" VARCHAR2(70 BYTE), 
	"NOMEMAE" VARCHAR2(70 BYTE), 
	"COD_CIDADE_ESTADO" NUMBER
   ) PCTFREE 10 PCTUSED 40 INITRANS 1 MAXTRANS 255 NOCOMPRESS LOGGING
  STORAGE(INITIAL 65536 NEXT 1048576 MINEXTENTS 1 MAXEXTENTS 2147483645
  PCTINCREASE 0 FREELISTS 1 FREELIST GROUPS 1 BUFFER_POOL DEFAULT)
  TABLESPACE "USERS" ;
--------------------------------------------------------
--  DDL for Table TBPRODUTO
--------------------------------------------------------

  CREATE TABLE "SYSTEMDB"."TBPRODUTO" 
   (	"CODPRODUTO" NUMBER, 
	"CODNOMEPROD" NUMBER, 
	"CODMODELO" NUMBER, 
	"CODMARCA" NUMBER, 
	"DATACADAS" TIMESTAMP (6), 
	"ULTALTERACAO" TIMESTAMP (6), 
	"DESCRICAO" VARCHAR2(120 BYTE), 
	"IDENTIFICACAO" VARCHAR2(40 BYTE), 
	"COR" VARCHAR2(20 BYTE), 
	"UNIDADE" VARCHAR2(15 BYTE), 
	"MESESGARANTIA" NUMBER, 
	"QUANTIDADE" NUMBER, 
	"PRECOCOMPRA" NUMBER, 
	"PERCENTUALLUCRO" NUMBER, 
	"IPI" NUMBER, 
	"DESCONTOS" NUMBER, 
	"OBSERVACOES" VARCHAR2(100 BYTE), 
	"ASCESSORIOS" VARCHAR2(350 BYTE)
   ) PCTFREE 10 PCTUSED 40 INITRANS 1 MAXTRANS 255 NOCOMPRESS LOGGING
  STORAGE(INITIAL 65536 NEXT 1048576 MINEXTENTS 1 MAXEXTENTS 2147483645
  PCTINCREASE 0 FREELISTS 1 FREELIST GROUPS 1 BUFFER_POOL DEFAULT)
  TABLESPACE "USERS" ;
--------------------------------------------------------
--  DDL for Table TBREGIAO
--------------------------------------------------------

  CREATE TABLE "SYSTEMDB"."TBREGIAO" 
   (	"CODREGIAO" NUMBER, 
	"REGIAO" VARCHAR2(35 BYTE)
   ) PCTFREE 10 PCTUSED 40 INITRANS 1 MAXTRANS 255 NOCOMPRESS LOGGING
  STORAGE(INITIAL 65536 NEXT 1048576 MINEXTENTS 1 MAXEXTENTS 2147483645
  PCTINCREASE 0 FREELISTS 1 FREELIST GROUPS 1 BUFFER_POOL DEFAULT)
  TABLESPACE "USERS" ;
--------------------------------------------------------
--  DDL for Table TBREGIAO_HAS_TBPAIS
--------------------------------------------------------

  CREATE TABLE "SYSTEMDB"."TBREGIAO_HAS_TBPAIS" 
   (	"COD_REGIAO_PAIS" NUMBER, 
	"CODREGIAO" NUMBER, 
	"CODPAIS" NUMBER
   ) PCTFREE 10 PCTUSED 40 INITRANS 1 MAXTRANS 255 NOCOMPRESS LOGGING
  STORAGE(INITIAL 65536 NEXT 1048576 MINEXTENTS 1 MAXEXTENTS 2147483645
  PCTINCREASE 0 FREELISTS 1 FREELIST GROUPS 1 BUFFER_POOL DEFAULT)
  TABLESPACE "USERS" ;
--------------------------------------------------------
--  DDL for Table TBSETOR
--------------------------------------------------------

  CREATE TABLE "SYSTEMDB"."TBSETOR" 
   (	"CODSETOR" NUMBER, 
	"SETOR" VARCHAR2(50 BYTE)
   ) PCTFREE 10 PCTUSED 40 INITRANS 1 MAXTRANS 255 NOCOMPRESS LOGGING
  STORAGE(INITIAL 65536 NEXT 1048576 MINEXTENTS 1 MAXEXTENTS 2147483645
  PCTINCREASE 0 FREELISTS 1 FREELIST GROUPS 1 BUFFER_POOL DEFAULT)
  TABLESPACE "USERS" ;
--------------------------------------------------------
--  DDL for Table TBTRANSPORTADORA
--------------------------------------------------------

  CREATE TABLE "SYSTEMDB"."TBTRANSPORTADORA" 
   (	"CODTRANS" NUMBER, 
	"CODPESSOA" NUMBER, 
	"FAX" VARCHAR2(13 BYTE), 
	"FRETE" NUMBER
   ) PCTFREE 10 PCTUSED 40 INITRANS 1 MAXTRANS 255 NOCOMPRESS LOGGING
  STORAGE(INITIAL 65536 NEXT 1048576 MINEXTENTS 1 MAXEXTENTS 2147483645
  PCTINCREASE 0 FREELISTS 1 FREELIST GROUPS 1 BUFFER_POOL DEFAULT)
  TABLESPACE "USERS" ;
--------------------------------------------------------
--  DDL for Table TBUSUARIO
--------------------------------------------------------

  CREATE TABLE "SYSTEMDB"."TBUSUARIO" 
   (	"CODUSUARIO" NUMBER, 
	"DATACADAS" TIMESTAMP (6), 
	"ULTALTERACAO" TIMESTAMP (6), 
	"USUARIO" VARCHAR2(15 BYTE), 
	"PERMISSAO" NUMBER, 
	"SENHA" VARCHAR2(20 BYTE), 
	"CODFUNC" NUMBER
   ) PCTFREE 10 PCTUSED 40 INITRANS 1 MAXTRANS 255 NOCOMPRESS LOGGING
  STORAGE(INITIAL 65536 NEXT 1048576 MINEXTENTS 1 MAXEXTENTS 2147483645
  PCTINCREASE 0 FREELISTS 1 FREELIST GROUPS 1 BUFFER_POOL DEFAULT)
  TABLESPACE "USERS" ;
--------------------------------------------------------
--  DDL for Table TBVENDAS
--------------------------------------------------------

  CREATE TABLE "SYSTEMDB"."TBVENDAS" 
   (	"NUMVENDA" NUMBER, 
	"CODFUNC" NUMBER, 
	"CODCLIE" NUMBER, 
	"DATAEMISSAO" DATE, 
	"SITUACAO" VARCHAR2(20 BYTE), 
	"TIPO" VARCHAR2(10 BYTE), 
	"SUBTOTAL" NUMBER, 
	"DESCONTOS" NUMBER, 
	"CONDPAGTO" VARCHAR2(9 BYTE), 
	"FORMAPAGTO" VARCHAR2(9 BYTE), 
	"JUROS" NUMBER, 
	"DATAENTREGA" DATE, 
	"FRETE" NUMBER, 
	"PARCELASRES" NUMBER, 
	"DESCRICAO" VARCHAR2(150 BYTE)
   ) PCTFREE 10 PCTUSED 40 INITRANS 1 MAXTRANS 255 NOCOMPRESS LOGGING
  STORAGE(INITIAL 65536 NEXT 1048576 MINEXTENTS 1 MAXEXTENTS 2147483645
  PCTINCREASE 0 FREELISTS 1 FREELIST GROUPS 1 BUFFER_POOL DEFAULT)
  TABLESPACE "USERS" ;

---------------------------------------------------
--   DATA FOR TABLE TBBAIRRO
--   FILTER = none used
---------------------------------------------------
REM INSERTING into SYSTEMDB.TBBAIRRO
Insert into SYSTEMDB.TBBAIRRO (CODBAIRRO,BAIRRO) values (3,'Centro');
Insert into SYSTEMDB.TBBAIRRO (CODBAIRRO,BAIRRO) values (4,'Nort');
Insert into SYSTEMDB.TBBAIRRO (CODBAIRRO,BAIRRO) values (5,'Velha');
Insert into SYSTEMDB.TBBAIRRO (CODBAIRRO,BAIRRO) values (6,'Garça');
Insert into SYSTEMDB.TBBAIRRO (CODBAIRRO,BAIRRO) values (1,'Mulde');
Insert into SYSTEMDB.TBBAIRRO (CODBAIRRO,BAIRRO) values (2,'Garcia');

---------------------------------------------------
--   END DATA FOR TABLE TBBAIRRO
---------------------------------------------------


---------------------------------------------------
--   DATA FOR TABLE TBBAIRRO_HAS_TBCEP
--   FILTER = none used
---------------------------------------------------
REM INSERTING into SYSTEMDB.TBBAIRRO_HAS_TBCEP
Insert into SYSTEMDB.TBBAIRRO_HAS_TBCEP (COD_BAIRRO_CEP,CODBAIRRO,CODCEP) values (1,1,1);
Insert into SYSTEMDB.TBBAIRRO_HAS_TBCEP (COD_BAIRRO_CEP,CODBAIRRO,CODCEP) values (2,2,2);
Insert into SYSTEMDB.TBBAIRRO_HAS_TBCEP (COD_BAIRRO_CEP,CODBAIRRO,CODCEP) values (3,2,9);
Insert into SYSTEMDB.TBBAIRRO_HAS_TBCEP (COD_BAIRRO_CEP,CODBAIRRO,CODCEP) values (4,3,6);
Insert into SYSTEMDB.TBBAIRRO_HAS_TBCEP (COD_BAIRRO_CEP,CODBAIRRO,CODCEP) values (5,3,7);
Insert into SYSTEMDB.TBBAIRRO_HAS_TBCEP (COD_BAIRRO_CEP,CODBAIRRO,CODCEP) values (6,3,3);
Insert into SYSTEMDB.TBBAIRRO_HAS_TBCEP (COD_BAIRRO_CEP,CODBAIRRO,CODCEP) values (7,4,6);
Insert into SYSTEMDB.TBBAIRRO_HAS_TBCEP (COD_BAIRRO_CEP,CODBAIRRO,CODCEP) values (8,5,2);
Insert into SYSTEMDB.TBBAIRRO_HAS_TBCEP (COD_BAIRRO_CEP,CODBAIRRO,CODCEP) values (9,5,8);
Insert into SYSTEMDB.TBBAIRRO_HAS_TBCEP (COD_BAIRRO_CEP,CODBAIRRO,CODCEP) values (10,6,5);
Insert into SYSTEMDB.TBBAIRRO_HAS_TBCEP (COD_BAIRRO_CEP,CODBAIRRO,CODCEP) values (11,3,1);
Insert into SYSTEMDB.TBBAIRRO_HAS_TBCEP (COD_BAIRRO_CEP,CODBAIRRO,CODCEP) values (12,3,4);
Insert into SYSTEMDB.TBBAIRRO_HAS_TBCEP (COD_BAIRRO_CEP,CODBAIRRO,CODCEP) values (13,3,12);

---------------------------------------------------
--   END DATA FOR TABLE TBBAIRRO_HAS_TBCEP
---------------------------------------------------


---------------------------------------------------
--   DATA FOR TABLE TBCEP
--   FILTER = none used
---------------------------------------------------
REM INSERTING into SYSTEMDB.TBCEP
Insert into SYSTEMDB.TBCEP (CODCEP,COD_CIDADE_ESTADO,CEP) values (9,13,'99999-999');
Insert into SYSTEMDB.TBCEP (CODCEP,COD_CIDADE_ESTADO,CEP) values (10,4,'22222-222');
Insert into SYSTEMDB.TBCEP (CODCEP,COD_CIDADE_ESTADO,CEP) values (1,1,'89130-000');
Insert into SYSTEMDB.TBCEP (CODCEP,COD_CIDADE_ESTADO,CEP) values (2,13,'84937-869');
Insert into SYSTEMDB.TBCEP (CODCEP,COD_CIDADE_ESTADO,CEP) values (3,15,'89130-001');
Insert into SYSTEMDB.TBCEP (CODCEP,COD_CIDADE_ESTADO,CEP) values (4,7,'74987-689');
Insert into SYSTEMDB.TBCEP (CODCEP,COD_CIDADE_ESTADO,CEP) values (5,12,'11111-111');
Insert into SYSTEMDB.TBCEP (CODCEP,COD_CIDADE_ESTADO,CEP) values (6,14,'43787-967');
Insert into SYSTEMDB.TBCEP (CODCEP,COD_CIDADE_ESTADO,CEP) values (7,14,'35342-432');
Insert into SYSTEMDB.TBCEP (CODCEP,COD_CIDADE_ESTADO,CEP) values (8,13,'47469-759');
Insert into SYSTEMDB.TBCEP (CODCEP,COD_CIDADE_ESTADO,CEP) values (11,5,'59869-085');
Insert into SYSTEMDB.TBCEP (CODCEP,COD_CIDADE_ESTADO,CEP) values (12,22,'84725-794');

---------------------------------------------------
--   END DATA FOR TABLE TBCEP
---------------------------------------------------


---------------------------------------------------
--   DATA FOR TABLE TBCIDADE
--   FILTER = none used
---------------------------------------------------
REM INSERTING into SYSTEMDB.TBCIDADE
Insert into SYSTEMDB.TBCIDADE (CODCIDADE,CIDADE) values (1,'Indaial');
Insert into SYSTEMDB.TBCIDADE (CODCIDADE,CIDADE) values (2,'São Paulo');
Insert into SYSTEMDB.TBCIDADE (CODCIDADE,CIDADE) values (3,'Navegantes');
Insert into SYSTEMDB.TBCIDADE (CODCIDADE,CIDADE) values (4,'Gaspar');
Insert into SYSTEMDB.TBCIDADE (CODCIDADE,CIDADE) values (5,'Uberaba');
Insert into SYSTEMDB.TBCIDADE (CODCIDADE,CIDADE) values (6,'Inauá');
Insert into SYSTEMDB.TBCIDADE (CODCIDADE,CIDADE) values (7,'Rio Preto');
Insert into SYSTEMDB.TBCIDADE (CODCIDADE,CIDADE) values (8,'Manaus');
Insert into SYSTEMDB.TBCIDADE (CODCIDADE,CIDADE) values (20,'Itajaí');
Insert into SYSTEMDB.TBCIDADE (CODCIDADE,CIDADE) values (19,'Jaraguá do Sul');
Insert into SYSTEMDB.TBCIDADE (CODCIDADE,CIDADE) values (11,'Canoas');
Insert into SYSTEMDB.TBCIDADE (CODCIDADE,CIDADE) values (12,'Recife');
Insert into SYSTEMDB.TBCIDADE (CODCIDADE,CIDADE) values (13,'Blumenau');
Insert into SYSTEMDB.TBCIDADE (CODCIDADE,CIDADE) values (14,'Uberlândia');
Insert into SYSTEMDB.TBCIDADE (CODCIDADE,CIDADE) values (21,'Nau');
Insert into SYSTEMDB.TBCIDADE (CODCIDADE,CIDADE) values (16,'Porto Alegre');
Insert into SYSTEMDB.TBCIDADE (CODCIDADE,CIDADE) values (17,'Rio do Sul');
Insert into SYSTEMDB.TBCIDADE (CODCIDADE,CIDADE) values (18,'Curitiba');
Insert into SYSTEMDB.TBCIDADE (CODCIDADE,CIDADE) values (22,'Campinas');

---------------------------------------------------
--   END DATA FOR TABLE TBCIDADE
---------------------------------------------------


---------------------------------------------------
--   DATA FOR TABLE TBCIDADE_HAS_TBESTADO
--   FILTER = none used
---------------------------------------------------
REM INSERTING into SYSTEMDB.TBCIDADE_HAS_TBESTADO
Insert into SYSTEMDB.TBCIDADE_HAS_TBESTADO (COD_CIDADE_ESTADO,CODCIDADE,CODESTADO) values (1,1,1);
Insert into SYSTEMDB.TBCIDADE_HAS_TBESTADO (COD_CIDADE_ESTADO,CODCIDADE,CODESTADO) values (2,2,2);
Insert into SYSTEMDB.TBCIDADE_HAS_TBESTADO (COD_CIDADE_ESTADO,CODCIDADE,CODESTADO) values (3,3,1);
Insert into SYSTEMDB.TBCIDADE_HAS_TBESTADO (COD_CIDADE_ESTADO,CODCIDADE,CODESTADO) values (4,4,1);
Insert into SYSTEMDB.TBCIDADE_HAS_TBESTADO (COD_CIDADE_ESTADO,CODCIDADE,CODESTADO) values (5,5,10);
Insert into SYSTEMDB.TBCIDADE_HAS_TBESTADO (COD_CIDADE_ESTADO,CODCIDADE,CODESTADO) values (6,5,7);
Insert into SYSTEMDB.TBCIDADE_HAS_TBESTADO (COD_CIDADE_ESTADO,CODCIDADE,CODESTADO) values (7,6,6);
Insert into SYSTEMDB.TBCIDADE_HAS_TBESTADO (COD_CIDADE_ESTADO,CODCIDADE,CODESTADO) values (8,7,2);
Insert into SYSTEMDB.TBCIDADE_HAS_TBESTADO (COD_CIDADE_ESTADO,CODCIDADE,CODESTADO) values (9,8,7);
Insert into SYSTEMDB.TBCIDADE_HAS_TBESTADO (COD_CIDADE_ESTADO,CODCIDADE,CODESTADO) values (21,21,6);
Insert into SYSTEMDB.TBCIDADE_HAS_TBESTADO (COD_CIDADE_ESTADO,CODCIDADE,CODESTADO) values (11,11,4);
Insert into SYSTEMDB.TBCIDADE_HAS_TBESTADO (COD_CIDADE_ESTADO,CODCIDADE,CODESTADO) values (12,12,9);
Insert into SYSTEMDB.TBCIDADE_HAS_TBESTADO (COD_CIDADE_ESTADO,CODCIDADE,CODESTADO) values (13,13,1);
Insert into SYSTEMDB.TBCIDADE_HAS_TBESTADO (COD_CIDADE_ESTADO,CODCIDADE,CODESTADO) values (14,14,4);
Insert into SYSTEMDB.TBCIDADE_HAS_TBESTADO (COD_CIDADE_ESTADO,CODCIDADE,CODESTADO) values (15,14,9);
Insert into SYSTEMDB.TBCIDADE_HAS_TBESTADO (COD_CIDADE_ESTADO,CODCIDADE,CODESTADO) values (16,16,4);
Insert into SYSTEMDB.TBCIDADE_HAS_TBESTADO (COD_CIDADE_ESTADO,CODCIDADE,CODESTADO) values (17,17,1);
Insert into SYSTEMDB.TBCIDADE_HAS_TBESTADO (COD_CIDADE_ESTADO,CODCIDADE,CODESTADO) values (18,18,3);
Insert into SYSTEMDB.TBCIDADE_HAS_TBESTADO (COD_CIDADE_ESTADO,CODCIDADE,CODESTADO) values (19,19,1);
Insert into SYSTEMDB.TBCIDADE_HAS_TBESTADO (COD_CIDADE_ESTADO,CODCIDADE,CODESTADO) values (20,20,1);
Insert into SYSTEMDB.TBCIDADE_HAS_TBESTADO (COD_CIDADE_ESTADO,CODCIDADE,CODESTADO) values (22,22,2);

---------------------------------------------------
--   END DATA FOR TABLE TBCIDADE_HAS_TBESTADO
---------------------------------------------------


---------------------------------------------------
--   DATA FOR TABLE TBCLIENTE
--   FILTER = none used
---------------------------------------------------
REM INSERTING into SYSTEMDB.TBCLIENTE
Insert into SYSTEMDB.TBCLIENTE (CODCLIE,CODPESSOA,EMPRESA,FONEEMPRESA,PROFISSAO,RENDA,FAX) values (1,1,'Altona','(45)3399-3494','Montador',700,'(73)8912-7423');
Insert into SYSTEMDB.TBCLIENTE (CODCLIE,CODPESSOA,EMPRESA,FONEEMPRESA,PROFISSAO,RENDA,FAX) values (3,3,'1','(  )    -    ',null,-1,'(  )    -    ');
Insert into SYSTEMDB.TBCLIENTE (CODCLIE,CODPESSOA,EMPRESA,FONEEMPRESA,PROFISSAO,RENDA,FAX) values (4,6,null,'(  )    -    ',null,-1,'(  )    -    ');

---------------------------------------------------
--   END DATA FOR TABLE TBCLIENTE
---------------------------------------------------


---------------------------------------------------
--   DATA FOR TABLE TBDEPARTAMENTO
--   FILTER = none used
---------------------------------------------------
REM INSERTING into SYSTEMDB.TBDEPARTAMENTO
Insert into SYSTEMDB.TBDEPARTAMENTO (CODDEPARTAMENTO,DEPARTAMENTO) values (3,'Gerencia');
Insert into SYSTEMDB.TBDEPARTAMENTO (CODDEPARTAMENTO,DEPARTAMENTO) values (4,'Almoxarifado');
Insert into SYSTEMDB.TBDEPARTAMENTO (CODDEPARTAMENTO,DEPARTAMENTO) values (2,'Contabilidade');

---------------------------------------------------
--   END DATA FOR TABLE TBDEPARTAMENTO
---------------------------------------------------


---------------------------------------------------
--   DATA FOR TABLE TBENDERECO
--   FILTER = none used
---------------------------------------------------
REM INSERTING into SYSTEMDB.TBENDERECO
Insert into SYSTEMDB.TBENDERECO (CODENDERECO,ENDERECO) values (3,'Rua Gonsálves');
Insert into SYSTEMDB.TBENDERECO (CODENDERECO,ENDERECO) values (1,'Rua Uberaba');
Insert into SYSTEMDB.TBENDERECO (CODENDERECO,ENDERECO) values (2,'Avenida Brasil');
Insert into SYSTEMDB.TBENDERECO (CODENDERECO,ENDERECO) values (4,'Rua Mattos');
Insert into SYSTEMDB.TBENDERECO (CODENDERECO,ENDERECO) values (5,'Avenida Rio Branco');
Insert into SYSTEMDB.TBENDERECO (CODENDERECO,ENDERECO) values (8,'Rua 25 de Março');
Insert into SYSTEMDB.TBENDERECO (CODENDERECO,ENDERECO) values (10,'25 de Julho');

---------------------------------------------------
--   END DATA FOR TABLE TBENDERECO
---------------------------------------------------


---------------------------------------------------
--   DATA FOR TABLE TBENDERECO_HAS_TBBAI_CEP
--   FILTER = none used
---------------------------------------------------
REM INSERTING into SYSTEMDB.TBENDERECO_HAS_TBBAI_CEP
Insert into SYSTEMDB.TBENDERECO_HAS_TBBAI_CEP (COD_ENDERECO_BAI_CEP,CODENDERECO,COD_BAIRRO_CEP) values (3,2,11);
Insert into SYSTEMDB.TBENDERECO_HAS_TBBAI_CEP (COD_ENDERECO_BAI_CEP,CODENDERECO,COD_BAIRRO_CEP) values (1,1,1);
Insert into SYSTEMDB.TBENDERECO_HAS_TBBAI_CEP (COD_ENDERECO_BAI_CEP,CODENDERECO,COD_BAIRRO_CEP) values (2,5,2);
Insert into SYSTEMDB.TBENDERECO_HAS_TBBAI_CEP (COD_ENDERECO_BAI_CEP,CODENDERECO,COD_BAIRRO_CEP) values (4,3,7);
Insert into SYSTEMDB.TBENDERECO_HAS_TBBAI_CEP (COD_ENDERECO_BAI_CEP,CODENDERECO,COD_BAIRRO_CEP) values (5,4,6);
Insert into SYSTEMDB.TBENDERECO_HAS_TBBAI_CEP (COD_ENDERECO_BAI_CEP,CODENDERECO,COD_BAIRRO_CEP) values (6,10,12);
Insert into SYSTEMDB.TBENDERECO_HAS_TBBAI_CEP (COD_ENDERECO_BAI_CEP,CODENDERECO,COD_BAIRRO_CEP) values (7,3,6);
Insert into SYSTEMDB.TBENDERECO_HAS_TBBAI_CEP (COD_ENDERECO_BAI_CEP,CODENDERECO,COD_BAIRRO_CEP) values (8,8,10);
Insert into SYSTEMDB.TBENDERECO_HAS_TBBAI_CEP (COD_ENDERECO_BAI_CEP,CODENDERECO,COD_BAIRRO_CEP) values (9,8,12);

---------------------------------------------------
--   END DATA FOR TABLE TBENDERECO_HAS_TBBAI_CEP
---------------------------------------------------


---------------------------------------------------
--   DATA FOR TABLE TBESTADO
--   FILTER = none used
---------------------------------------------------
REM INSERTING into SYSTEMDB.TBESTADO
Insert into SYSTEMDB.TBESTADO (CODESTADO,COD_REGIAO_PAIS,ESTADO) values (10,2,'Minas Gerais');
Insert into SYSTEMDB.TBESTADO (CODESTADO,COD_REGIAO_PAIS,ESTADO) values (11,3,'Munique');
Insert into SYSTEMDB.TBESTADO (CODESTADO,COD_REGIAO_PAIS,ESTADO) values (12,2,'Rio de Janeiro');
Insert into SYSTEMDB.TBESTADO (CODESTADO,COD_REGIAO_PAIS,ESTADO) values (1,1,'Santa Catarina');
Insert into SYSTEMDB.TBESTADO (CODESTADO,COD_REGIAO_PAIS,ESTADO) values (2,2,'São Paulo');
Insert into SYSTEMDB.TBESTADO (CODESTADO,COD_REGIAO_PAIS,ESTADO) values (3,1,'Paraná');
Insert into SYSTEMDB.TBESTADO (CODESTADO,COD_REGIAO_PAIS,ESTADO) values (4,1,'Rio Grande do Sul');
Insert into SYSTEMDB.TBESTADO (CODESTADO,COD_REGIAO_PAIS,ESTADO) values (5,3,'Berlin');
Insert into SYSTEMDB.TBESTADO (CODESTADO,COD_REGIAO_PAIS,ESTADO) values (6,6,'Londres');
Insert into SYSTEMDB.TBESTADO (CODESTADO,COD_REGIAO_PAIS,ESTADO) values (7,5,'Amazonas');
Insert into SYSTEMDB.TBESTADO (CODESTADO,COD_REGIAO_PAIS,ESTADO) values (8,5,'Pará');
Insert into SYSTEMDB.TBESTADO (CODESTADO,COD_REGIAO_PAIS,ESTADO) values (9,8,'Pernambuco');
Insert into SYSTEMDB.TBESTADO (CODESTADO,COD_REGIAO_PAIS,ESTADO) values (13,2,'Espírito Santo');

---------------------------------------------------
--   END DATA FOR TABLE TBESTADO
---------------------------------------------------


---------------------------------------------------
--   DATA FOR TABLE TBFORNECEDOR
--   FILTER = none used
---------------------------------------------------
REM INSERTING into SYSTEMDB.TBFORNECEDOR
Insert into SYSTEMDB.TBFORNECEDOR (CODFORN,CODPESSOA,SIGLA,TIPOFORNECEDOR,COMISSAO,HOMEPAGE,FAX,NOMECONTATO,FONECONTATO,COMPRAMINIMA,COMPRAMAXIMA) values (1,8,'MA','Elétroeletronicos',3,9,'www.maser.com','(78)4937-6094','Gilbeerto Silva','(47)9385-7897',500,5000,9);
Insert into SYSTEMDB.TBFORNECEDOR (CODFORN,CODPESSOA,SIGLA,TIPOFORNECEDOR,COMISSAO,HOMEPAGE,FAX,NOMECONTATO,FONECONTATO,COMPRAMINIMA,COMPRAMAXIMA) values (2,9,null,'Computadores',-1,null,'(  )    -    ','André','(84)7395-7894',-1,-1);

---------------------------------------------------
--   END DATA FOR TABLE TBFORNECEDOR
---------------------------------------------------


---------------------------------------------------
--   DATA FOR TABLE TBFUNCIONARIO
--   FILTER = none used
---------------------------------------------------
REM INSERTING into SYSTEMDB.TBFUNCIONARIO
Insert into SYSTEMDB.TBFUNCIONARIO (CODFUNC,CODPESSOA,DATAADMIS,NUMCONTRATO,TIPOCONTRATO,NUMPIS,NUMCARTHABIL,TITULOELEITOR,NUMCARTTRAB,CERTRESERVISTA,CARGO,TURNO,HORAINICIAL,HORAFINAL,DIAPAGTO,BANCO,NUMCONTA,SALARIO,DATADEMIS,ATIVO,CODSETOR,CODDEPARTAMENTO) values (1,4,to_timestamp('09/09/00 00:00:00,000000000','DD/MM/RR HH24:MI:SS,FF'),'7438975','Estagiário','648.65894.36-9','47258487598','4375.8498.6598/394/583','8349858/695-8','634746','Estagio','Ger','09:00','12:00',9,'Bradesco','8888-8/8888888/4',340,null,'T',2,2);
Insert into SYSTEMDB.TBFUNCIONARIO (CODFUNC,CODPESSOA,DATAADMIS,NUMCONTRATO,TIPOCONTRATO,NUMPIS,NUMCARTHABIL,TITULOELEITOR,NUMCARTTRAB,CERTRESERVISTA,CARGO,TURNO,HORAINICIAL,HORAFINAL,DIAPAGTO,BANCO,NUMCONTA,SALARIO,DATADEMIS,ATIVO,CODSETOR,CODDEPARTAMENTO) values (2,5,to_timestamp('09/09/00 00:00:00,000000000','DD/MM/RR HH24:MI:SS,FF'),null,null,'   .     .  - ','           ','    .    .    /   /   ','1111111/111-1','      ','1','Pri','11:11','09:00',1,null,'    - /       / ',11111,to_timestamp('09/09/01 00:00:00,000000000','DD/MM/RR HH24:MI:SS,FF'),'F',6,3);
Insert into SYSTEMDB.TBFUNCIONARIO (CODFUNC,CODPESSOA,DATAADMIS,NUMCONTRATO,TIPOCONTRATO,NUMPIS,NUMCARTHABIL,TITULOELEITOR,NUMCARTTRAB,CERTRESERVISTA,CARGO,TURNO,HORAINICIAL,HORAFINAL,DIAPAGTO,BANCO,NUMCONTA,SALARIO,DATADEMIS,ATIVO,CODSETOR,CODDEPARTAMENTO) values (3,7,to_timestamp('09/10/09 00:00:00,000000000','DD/MM/RR HH24:MI:SS,FF'),null,null,'   .     .  - ','           ','    .    .    /   /   ','7432915/784-9','      ','Pintura','Ger','08:59','17:30',9,null,'    - /       / ',900,null,'T',5,4);

---------------------------------------------------
--   END DATA FOR TABLE TBFUNCIONARIO
---------------------------------------------------


---------------------------------------------------
--   DATA FOR TABLE TBITENSVENDA
--   FILTER = none used
---------------------------------------------------
REM INSERTING into SYSTEMDB.TBITENSVENDA
Insert into SYSTEMDB.TBITENSVENDA (CODITEM,NUMVENDA,CODPRODUTO,QTDADE) values (3,2,4,3);
Insert into SYSTEMDB.TBITENSVENDA (CODITEM,NUMVENDA,CODPRODUTO,QTDADE) values (4,3,2,1);
Insert into SYSTEMDB.TBITENSVENDA (CODITEM,NUMVENDA,CODPRODUTO,QTDADE) values (5,4,4,4);
Insert into SYSTEMDB.TBITENSVENDA (CODITEM,NUMVENDA,CODPRODUTO,QTDADE) values (1,1,1,4);
Insert into SYSTEMDB.TBITENSVENDA (CODITEM,NUMVENDA,CODPRODUTO,QTDADE) values (2,1,5,5);
Insert into SYSTEMDB.TBITENSVENDA (CODITEM,NUMVENDA,CODPRODUTO,QTDADE) values (6,5,3,500);
Insert into SYSTEMDB.TBITENSVENDA (CODITEM,NUMVENDA,CODPRODUTO,QTDADE) values (7,5,5,80);
Insert into SYSTEMDB.TBITENSVENDA (CODITEM,NUMVENDA,CODPRODUTO,QTDADE) values (8,6,4,30);
Insert into SYSTEMDB.TBITENSVENDA (CODITEM,NUMVENDA,CODPRODUTO,QTDADE) values (9,7,4,3);
Insert into SYSTEMDB.TBITENSVENDA (CODITEM,NUMVENDA,CODPRODUTO,QTDADE) values (10,8,3,3);
Insert into SYSTEMDB.TBITENSVENDA (CODITEM,NUMVENDA,CODPRODUTO,QTDADE) values (11,8,5,4);
Insert into SYSTEMDB.TBITENSVENDA (CODITEM,NUMVENDA,CODPRODUTO,QTDADE) values (12,8,2,3);
Insert into SYSTEMDB.TBITENSVENDA (CODITEM,NUMVENDA,CODPRODUTO,QTDADE) values (13,9,1,2);
Insert into SYSTEMDB.TBITENSVENDA (CODITEM,NUMVENDA,CODPRODUTO,QTDADE) values (14,9,4,3);

---------------------------------------------------
--   END DATA FOR TABLE TBITENSVENDA
---------------------------------------------------


---------------------------------------------------
--   DATA FOR TABLE TBMARCA
--   FILTER = none used
---------------------------------------------------
REM INSERTING into SYSTEMDB.TBMARCA
Insert into SYSTEMDB.TBMARCA (CODMARCA,MARCA) values (4,'Pauta');
Insert into SYSTEMDB.TBMARCA (CODMARCA,MARCA) values (3,'Panassonic');
Insert into SYSTEMDB.TBMARCA (CODMARCA,MARCA) values (5,'Philco');
Insert into SYSTEMDB.TBMARCA (CODMARCA,MARCA) values (6,'Philips');
Insert into SYSTEMDB.TBMARCA (CODMARCA,MARCA) values (1,'Toshiba');

---------------------------------------------------
--   END DATA FOR TABLE TBMARCA
---------------------------------------------------


---------------------------------------------------
--   DATA FOR TABLE TBMODELO
--   FILTER = none used
---------------------------------------------------
REM INSERTING into SYSTEMDB.TBMODELO
Insert into SYSTEMDB.TBMODELO (CODMODELO,MODELO) values (3,'HJO');
Insert into SYSTEMDB.TBMODELO (CODMODELO,MODELO) values (2,'DV5');
Insert into SYSTEMDB.TBMODELO (CODMODELO,MODELO) values (4,'MJK-oi');
Insert into SYSTEMDB.TBMODELO (CODMODELO,MODELO) values (1,'TRGBDF-947djsbhbcjadc');

---------------------------------------------------
--   END DATA FOR TABLE TBMODELO
---------------------------------------------------


---------------------------------------------------
--   DATA FOR TABLE TBNOMEPROD
--   FILTER = none used
---------------------------------------------------
REM INSERTING into SYSTEMDB.TBNOMEPROD
Insert into SYSTEMDB.TBNOMEPROD (CODNOMEPROD,NOMEPROD) values (3,'Computador');
Insert into SYSTEMDB.TBNOMEPROD (CODNOMEPROD,NOMEPROD) values (4,'TV 27" Plasma');
Insert into SYSTEMDB.TBNOMEPROD (CODNOMEPROD,NOMEPROD) values (6,'TV 29" Plasma');
Insert into SYSTEMDB.TBNOMEPROD (CODNOMEPROD,NOMEPROD) values (5,'Net Book');

---------------------------------------------------
--   END DATA FOR TABLE TBNOMEPROD
---------------------------------------------------


---------------------------------------------------
--   DATA FOR TABLE TBPAIS
--   FILTER = none used
---------------------------------------------------
REM INSERTING into SYSTEMDB.TBPAIS
Insert into SYSTEMDB.TBPAIS (CODPAIS,PAIS) values (14,'Coréia do Sul');
Insert into SYSTEMDB.TBPAIS (CODPAIS,PAIS) values (1,'Brasil');
Insert into SYSTEMDB.TBPAIS (CODPAIS,PAIS) values (2,'Alemanha');
Insert into SYSTEMDB.TBPAIS (CODPAIS,PAIS) values (3,'Itália');
Insert into SYSTEMDB.TBPAIS (CODPAIS,PAIS) values (4,'Inglaterra');
Insert into SYSTEMDB.TBPAIS (CODPAIS,PAIS) values (5,'Japão');
Insert into SYSTEMDB.TBPAIS (CODPAIS,PAIS) values (6,'Turquia');
Insert into SYSTEMDB.TBPAIS (CODPAIS,PAIS) values (7,'Argentina');
Insert into SYSTEMDB.TBPAIS (CODPAIS,PAIS) values (8,'França');
Insert into SYSTEMDB.TBPAIS (CODPAIS,PAIS) values (9,'Bélgica');
Insert into SYSTEMDB.TBPAIS (CODPAIS,PAIS) values (10,'Colômbia');
Insert into SYSTEMDB.TBPAIS (CODPAIS,PAIS) values (11,'Bolívia');
Insert into SYSTEMDB.TBPAIS (CODPAIS,PAIS) values (16,'Rússia');
Insert into SYSTEMDB.TBPAIS (CODPAIS,PAIS) values (15,'Dinamarca');
Insert into SYSTEMDB.TBPAIS (CODPAIS,PAIS) values (12,'Chile');
Insert into SYSTEMDB.TBPAIS (CODPAIS,PAIS) values (13,'Uruguai');

---------------------------------------------------
--   END DATA FOR TABLE TBPAIS
---------------------------------------------------


---------------------------------------------------
--   DATA FOR TABLE TBPESSOA
--   FILTER = none used
---------------------------------------------------
REM INSERTING into SYSTEMDB.TBPESSOA
Insert into SYSTEMDB.TBPESSOA (CODPESSOA,DATACADAS,ULTALTERACAO,NOME,TIPOPESSOA,CPFCNPJ,RGIE,INSCMUN,SEXO,ESTADOCIVIL,DATANASC,NUMERO,COMPLEMENTO,REFERENCIA,FONE,CELULAR1,CELULAR2,EMAIL,MSN,SKYPE,DESCRICAO,COD_ENDERECO_BAI_CEP,NOMEPAI,NOMEMAE,COD_CIDADE_ESTADO) values (3,to_timestamp('26/05/11 09:59:00,000000000','DD/MM/RR HH24:MI:SS,FF'),to_timestamp('16/06/11 08:51:35,500000000','DD/MM/RR HH24:MI:SS,FF'),'Dep LTDA','J','11.111.111/1111-22','111.111.111',null,'S','Sel',null,11111111,null,null,'(11)1111-1111','(99)9999-9999','(  )    -    ','fvvfev','vgtrgvfgregve',null,'f',3,null,null,null);
Insert into SYSTEMDB.TBPESSOA (CODPESSOA,DATACADAS,ULTALTERACAO,NOME,TIPOPESSOA,CPFCNPJ,RGIE,INSCMUN,SEXO,ESTADOCIVIL,DATANASC,NUMERO,COMPLEMENTO,REFERENCIA,FONE,CELULAR1,CELULAR2,EMAIL,MSN,SKYPE,DESCRICAO,COD_ENDERECO_BAI_CEP,NOMEPAI,NOMEMAE,COD_CIDADE_ESTADO) values (4,to_timestamp('26/05/11 10:02:00,000000000','DD/MM/RR HH24:MI:SS,FF'),to_timestamp('26/05/11 10:05:52,061000000','DD/MM/RR HH24:MI:SS,FF'),'Teobaldo',null,'222.222.222-22','555.555.555',null,'M','Sol',to_timestamp('09/12/87 00:00:00,000000000','DD/MM/RR HH24:MI:SS,FF'),900,'casa','Casa da Agua','(46)2424-2452','(43)5254-2422','(43)2636-3467','teo@hotmail.com','k@k','bdasj_NDFDNKJ','guckdbs ncld k',7,'João','Maria',13);
Insert into SYSTEMDB.TBPESSOA (CODPESSOA,DATACADAS,ULTALTERACAO,NOME,TIPOPESSOA,CPFCNPJ,RGIE,INSCMUN,SEXO,ESTADOCIVIL,DATANASC,NUMERO,COMPLEMENTO,REFERENCIA,FONE,CELULAR1,CELULAR2,EMAIL,MSN,SKYPE,DESCRICAO,COD_ENDERECO_BAI_CEP,NOMEPAI,NOMEMAE,COD_CIDADE_ESTADO) values (5,to_timestamp('26/05/11 10:05:00,000000000','DD/MM/RR HH24:MI:SS,FF'),to_timestamp('26/05/11 18:43:29,595000000','DD/MM/RR HH24:MI:SS,FF'),'João',null,'555.555.555-55','333.333.333',null,'M','Sol',to_timestamp('10/10/30 00:00:00,000000000','DD/MM/RR HH24:MI:SS,FF'),22,'22',null,'(11)1111-1111','(  )    -    ','(  )    -    ',null,null,null,null,6,null,null,13);
Insert into SYSTEMDB.TBPESSOA (CODPESSOA,DATACADAS,ULTALTERACAO,NOME,TIPOPESSOA,CPFCNPJ,RGIE,INSCMUN,SEXO,ESTADOCIVIL,DATANASC,NUMERO,COMPLEMENTO,REFERENCIA,FONE,CELULAR1,CELULAR2,EMAIL,MSN,SKYPE,DESCRICAO,COD_ENDERECO_BAI_CEP,NOMEPAI,NOMEMAE,COD_CIDADE_ESTADO) values (1,to_timestamp('26/05/11 09:56:00,000000000','DD/MM/RR HH24:MI:SS,FF'),to_timestamp('26/05/11 10:01:15,765000000','DD/MM/RR HH24:MI:SS,FF'),'João da Silva','F','111.111.111-11','111.111.111',null,'M','Cas',to_timestamp('09/10/48 00:00:00,000000000','DD/MM/RR HH24:MI:SS,FF'),500,'Casa','Sociedade','(47)3333-3333','(27)9188-7644','(91)2222-2222','joao@gmail.com','joao.s@hotmail.com',null,'a',5,null,null,13);
Insert into SYSTEMDB.TBPESSOA (CODPESSOA,DATACADAS,ULTALTERACAO,NOME,TIPOPESSOA,CPFCNPJ,RGIE,INSCMUN,SEXO,ESTADOCIVIL,DATANASC,NUMERO,COMPLEMENTO,REFERENCIA,FONE,CELULAR1,CELULAR2,EMAIL,MSN,SKYPE,DESCRICAO,COD_ENDERECO_BAI_CEP,NOMEPAI,NOMEMAE,COD_CIDADE_ESTADO) values (12,to_timestamp('02/06/11 11:57:00,000000000','DD/MM/RR HH24:MI:SS,FF'),to_timestamp('02/06/11 11:58:09,215000000','DD/MM/RR HH24:MI:SS,FF'),'1',null,'43.287.564/2657-89','111.111.111','11.11.11',null,null,null,1,null,null,'(11)1111-1111',null,null,null,null,null,null,6,null,null,null);
Insert into SYSTEMDB.TBPESSOA (CODPESSOA,DATACADAS,ULTALTERACAO,NOME,TIPOPESSOA,CPFCNPJ,RGIE,INSCMUN,SEXO,ESTADOCIVIL,DATANASC,NUMERO,COMPLEMENTO,REFERENCIA,FONE,CELULAR1,CELULAR2,EMAIL,MSN,SKYPE,DESCRICAO,COD_ENDERECO_BAI_CEP,NOMEPAI,NOMEMAE,COD_CIDADE_ESTADO) values (7,to_timestamp('27/05/11 10:08:00,000000000','DD/MM/RR HH24:MI:SS,FF'),to_timestamp('27/05/11 10:10:46,493000000','DD/MM/RR HH24:MI:SS,FF'),'Marcelo',null,'743.854.897-58','473.852.745',null,'M','Sol',to_timestamp('09/09/81 00:00:00,000000000','DD/MM/RR HH24:MI:SS,FF'),76,'Casa',null,'(36)1428-1648','(  )    -    ','(  )    -    ',null,null,null,null,5,null,null,12);
Insert into SYSTEMDB.TBPESSOA (CODPESSOA,DATACADAS,ULTALTERACAO,NOME,TIPOPESSOA,CPFCNPJ,RGIE,INSCMUN,SEXO,ESTADOCIVIL,DATANASC,NUMERO,COMPLEMENTO,REFERENCIA,FONE,CELULAR1,CELULAR2,EMAIL,MSN,SKYPE,DESCRICAO,COD_ENDERECO_BAI_CEP,NOMEPAI,NOMEMAE,COD_CIDADE_ESTADO) values (11,to_timestamp('28/05/11 21:10:00,000000000','DD/MM/RR HH24:MI:SS,FF'),to_timestamp('28/05/11 21:17:02,495000000','DD/MM/RR HH24:MI:SS,FF'),'transpauer',null,'55.555.555/5555-55','325.953.258','45.35.83',null,null,null,1,null,null,'(55)5555-5555',null,null,'fr4gtrgvtrbgtbg',null,null,'gg',3,null,null,null);
Insert into SYSTEMDB.TBPESSOA (CODPESSOA,DATACADAS,ULTALTERACAO,NOME,TIPOPESSOA,CPFCNPJ,RGIE,INSCMUN,SEXO,ESTADOCIVIL,DATANASC,NUMERO,COMPLEMENTO,REFERENCIA,FONE,CELULAR1,CELULAR2,EMAIL,MSN,SKYPE,DESCRICAO,COD_ENDERECO_BAI_CEP,NOMEPAI,NOMEMAE,COD_CIDADE_ESTADO) values (6,to_timestamp('26/05/11 18:39:00,000000000','DD/MM/RR HH24:MI:SS,FF'),to_timestamp('26/05/11 18:41:48,043000000','DD/MM/RR HH24:MI:SS,FF'),'Anselmo Gonsálves','F','742.856.834-26','454.326.536',null,'M','Sol',to_timestamp('09/08/75 00:00:00,000000000','DD/MM/RR HH24:MI:SS,FF'),560,'Apto','Fábrica ARF','(46)2341-3333','(  )    -    ','(  )    -    ','anselmo@hotmail.com','anselmo@hotmail.com',null,null,5,null,null,4);
Insert into SYSTEMDB.TBPESSOA (CODPESSOA,DATACADAS,ULTALTERACAO,NOME,TIPOPESSOA,CPFCNPJ,RGIE,INSCMUN,SEXO,ESTADOCIVIL,DATANASC,NUMERO,COMPLEMENTO,REFERENCIA,FONE,CELULAR1,CELULAR2,EMAIL,MSN,SKYPE,DESCRICAO,COD_ENDERECO_BAI_CEP,NOMEPAI,NOMEMAE,COD_CIDADE_ESTADO) values (10,to_timestamp('28/05/11 21:05:00,000000000','DD/MM/RR HH24:MI:SS,FF'),to_timestamp('28/05/11 21:10:37,118000000','DD/MM/RR HH24:MI:SS,FF'),'Transportes Bernauer',null,'33.333.333/3333-33','483.958.640','59.65.98',null,null,null,900,null,'Trevo Celeiro','(84)0983-4906',null,null,'bernauer@hotmail.com','bernauer@gmail.com',null,'aa',2,null,null,null);
Insert into SYSTEMDB.TBPESSOA (CODPESSOA,DATACADAS,ULTALTERACAO,NOME,TIPOPESSOA,CPFCNPJ,RGIE,INSCMUN,SEXO,ESTADOCIVIL,DATANASC,NUMERO,COMPLEMENTO,REFERENCIA,FONE,CELULAR1,CELULAR2,EMAIL,MSN,SKYPE,DESCRICAO,COD_ENDERECO_BAI_CEP,NOMEPAI,NOMEMAE,COD_CIDADE_ESTADO) values (8,to_timestamp('28/05/11 14:00:00,000000000','DD/MM/RR HH24:MI:SS,FF'),to_timestamp('28/05/11 14:03:18,021000000','DD/MM/RR HH24:MI:SS,FF'),'Maser LTDA',null,'44.444.444/4444-44','786.493.567','47.38.95',null,null,null,900,null,'Ponte Salto','(74)9087-5409',null,null,'maser@hotmail.com','maser@terra.com.br',null,'aaaaaaaaaaaaaaaaaa',7,null,null,null);
Insert into SYSTEMDB.TBPESSOA (CODPESSOA,DATACADAS,ULTALTERACAO,NOME,TIPOPESSOA,CPFCNPJ,RGIE,INSCMUN,SEXO,ESTADOCIVIL,DATANASC,NUMERO,COMPLEMENTO,REFERENCIA,FONE,CELULAR1,CELULAR2,EMAIL,MSN,SKYPE,DESCRICAO,COD_ENDERECO_BAI_CEP,NOMEPAI,NOMEMAE,COD_CIDADE_ESTADO) values (9,to_timestamp('28/05/11 14:03:00,000000000','DD/MM/RR HH24:MI:SS,FF'),to_timestamp('31/05/11 21:07:20,263000000','DD/MM/RR HH24:MI:SS,FF'),'Pauta Connect',null,'99.999.999/9999-99','485.693.486','46.93.49',null,null,null,10,null,null,'(64)9864-9546',null,null,null,null,null,null,3,null,null,null);

---------------------------------------------------
--   END DATA FOR TABLE TBPESSOA
---------------------------------------------------


---------------------------------------------------
--   DATA FOR TABLE TBPRODUTO
--   FILTER = none used
---------------------------------------------------
REM INSERTING into SYSTEMDB.TBPRODUTO
Insert into SYSTEMDB.TBPRODUTO (CODPRODUTO,CODNOMEPROD,CODMODELO,CODMARCA,DATACADAS,ULTALTERACAO,DESCRICAO,IDENTIFICACAO,COR,UNIDADE,MESESGARANTIA,QUANTIDADE,PRECOCOMPRA,PERCENTUALLUCRO,IPI,DESCONTOS,OBSERVACOES,ASCESSORIOS) values (2,3,2,4,to_timestamp('02/06/11 11:25:00,000000000','DD/MM/RR HH24:MI:SS,FF'),to_timestamp('18/06/11 20:41:41,602000000','DD/MM/RR HH24:MI:SS,FF'),'1GB ram memó...','12fmd','Prata','fhj',5,86,444,44,44,44,null,null);
Insert into SYSTEMDB.TBPRODUTO (CODPRODUTO,CODNOMEPROD,CODMODELO,CODMARCA,DATACADAS,ULTALTERACAO,DESCRICAO,IDENTIFICACAO,COR,UNIDADE,MESESGARANTIA,QUANTIDADE,PRECOCOMPRA,PERCENTUALLUCRO,IPI,DESCONTOS,OBSERVACOES,ASCESSORIOS) values (3,4,3,3,to_timestamp('02/06/11 11:27:00,000000000','DD/MM/RR HH24:MI:SS,FF'),to_timestamp('02/06/11 11:57:05,281000000','DD/MM/RR HH24:MI:SS,FF'),'1','1','1','1',1,668,1,1,1,1,null,null);
Insert into SYSTEMDB.TBPRODUTO (CODPRODUTO,CODNOMEPROD,CODMODELO,CODMARCA,DATACADAS,ULTALTERACAO,DESCRICAO,IDENTIFICACAO,COR,UNIDADE,MESESGARANTIA,QUANTIDADE,PRECOCOMPRA,PERCENTUALLUCRO,IPI,DESCONTOS,OBSERVACOES,ASCESSORIOS) values (4,5,2,5,to_timestamp('02/06/11 12:54:00,000000000','DD/MM/RR HH24:MI:SS,FF'),to_timestamp('18/06/11 20:41:54,482000000','DD/MM/RR HH24:MI:SS,FF'),'1','1fd','1','1',1,8937,987,8,20,4,0,null,null);
Insert into SYSTEMDB.TBPRODUTO (CODPRODUTO,CODNOMEPROD,CODMODELO,CODMARCA,DATACADAS,ULTALTERACAO,DESCRICAO,IDENTIFICACAO,COR,UNIDADE,MESESGARANTIA,QUANTIDADE,PRECOCOMPRA,PERCENTUALLUCRO,IPI,DESCONTOS,OBSERVACOES,ASCESSORIOS) values (5,6,4,6,to_timestamp('03/06/11 08:41:00,000000000','DD/MM/RR HH24:MI:SS,FF'),to_timestamp('18/06/11 20:42:08,361000000','DD/MM/RR HH24:MI:SS,FF'),null,'GYD7632HG','Preta','kg',15,75,987,9,39,12,0,null,null);
Insert into SYSTEMDB.TBPRODUTO (CODPRODUTO,CODNOMEPROD,CODMODELO,CODMARCA,DATACADAS,ULTALTERACAO,DESCRICAO,IDENTIFICACAO,COR,UNIDADE,MESESGARANTIA,QUANTIDADE,PRECOCOMPRA,PERCENTUALLUCRO,IPI,DESCONTOS,OBSERVACOES,ASCESSORIOS) values (1,4,1,1,to_timestamp('02/06/11 11:16:00,000000000','DD/MM/RR HH24:MI:SS,FF'),to_timestamp('18/06/11 20:41:31,485000000','DD/MM/RR HH24:MI:SS,FF'),null,'FSBG2332F','Prata','Kg',10,92,2345,9,3,7,2,9,0,5,'a','fvhde vntrfvbgrnbvrgnbj e
rbeb
th');

---------------------------------------------------
--   END DATA FOR TABLE TBPRODUTO
---------------------------------------------------


---------------------------------------------------
--   DATA FOR TABLE TBREGIAO
--   FILTER = none used
---------------------------------------------------
REM INSERTING into SYSTEMDB.TBREGIAO
Insert into SYSTEMDB.TBREGIAO (CODREGIAO,REGIAO) values (5,'Suldcc');
Insert into SYSTEMDB.TBREGIAO (CODREGIAO,REGIAO) values (1,'Sul');
Insert into SYSTEMDB.TBREGIAO (CODREGIAO,REGIAO) values (2,'Suldeste');
Insert into SYSTEMDB.TBREGIAO (CODREGIAO,REGIAO) values (3,'Norte');
Insert into SYSTEMDB.TBREGIAO (CODREGIAO,REGIAO) values (4,'Nordeste');
Insert into SYSTEMDB.TBREGIAO (CODREGIAO,REGIAO) values (6,'Centro-Oeste');

---------------------------------------------------
--   END DATA FOR TABLE TBREGIAO
---------------------------------------------------


---------------------------------------------------
--   DATA FOR TABLE TBREGIAO_HAS_TBPAIS
--   FILTER = none used
---------------------------------------------------
REM INSERTING into SYSTEMDB.TBREGIAO_HAS_TBPAIS
Insert into SYSTEMDB.TBREGIAO_HAS_TBPAIS (COD_REGIAO_PAIS,CODREGIAO,CODPAIS) values (12,3,3);
Insert into SYSTEMDB.TBREGIAO_HAS_TBPAIS (COD_REGIAO_PAIS,CODREGIAO,CODPAIS) values (10,5,4);
Insert into SYSTEMDB.TBREGIAO_HAS_TBPAIS (COD_REGIAO_PAIS,CODREGIAO,CODPAIS) values (11,3,6);
Insert into SYSTEMDB.TBREGIAO_HAS_TBPAIS (COD_REGIAO_PAIS,CODREGIAO,CODPAIS) values (1,1,1);
Insert into SYSTEMDB.TBREGIAO_HAS_TBPAIS (COD_REGIAO_PAIS,CODREGIAO,CODPAIS) values (2,2,1);
Insert into SYSTEMDB.TBREGIAO_HAS_TBPAIS (COD_REGIAO_PAIS,CODREGIAO,CODPAIS) values (3,1,2);
Insert into SYSTEMDB.TBREGIAO_HAS_TBPAIS (COD_REGIAO_PAIS,CODREGIAO,CODPAIS) values (4,3,12);
Insert into SYSTEMDB.TBREGIAO_HAS_TBPAIS (COD_REGIAO_PAIS,CODREGIAO,CODPAIS) values (5,3,1);
Insert into SYSTEMDB.TBREGIAO_HAS_TBPAIS (COD_REGIAO_PAIS,CODREGIAO,CODPAIS) values (6,3,4);
Insert into SYSTEMDB.TBREGIAO_HAS_TBPAIS (COD_REGIAO_PAIS,CODREGIAO,CODPAIS) values (7,1,4);
Insert into SYSTEMDB.TBREGIAO_HAS_TBPAIS (COD_REGIAO_PAIS,CODREGIAO,CODPAIS) values (8,4,1);
Insert into SYSTEMDB.TBREGIAO_HAS_TBPAIS (COD_REGIAO_PAIS,CODREGIAO,CODPAIS) values (9,4,3);
Insert into SYSTEMDB.TBREGIAO_HAS_TBPAIS (COD_REGIAO_PAIS,CODREGIAO,CODPAIS) values (13,6,6);

---------------------------------------------------
--   END DATA FOR TABLE TBREGIAO_HAS_TBPAIS
---------------------------------------------------


---------------------------------------------------
--   DATA FOR TABLE TBSETOR
--   FILTER = none used
---------------------------------------------------
REM INSERTING into SYSTEMDB.TBSETOR
Insert into SYSTEMDB.TBSETOR (CODSETOR,SETOR) values (1,'Finanças');
Insert into SYSTEMDB.TBSETOR (CODSETOR,SETOR) values (2,'Faturamento');
Insert into SYSTEMDB.TBSETOR (CODSETOR,SETOR) values (4,'Expedição');
Insert into SYSTEMDB.TBSETOR (CODSETOR,SETOR) values (5,'Vendas');
Insert into SYSTEMDB.TBSETOR (CODSETOR,SETOR) values (6,'Montagem');

---------------------------------------------------
--   END DATA FOR TABLE TBSETOR
---------------------------------------------------


---------------------------------------------------
--   DATA FOR TABLE TBTRANSPORTADORA
--   FILTER = none used
---------------------------------------------------
REM INSERTING into SYSTEMDB.TBTRANSPORTADORA
Insert into SYSTEMDB.TBTRANSPORTADORA (CODTRANS,CODPESSOA,FAX,FRETE) values (3,12,'(  )    -    ',2);
Insert into SYSTEMDB.TBTRANSPORTADORA (CODTRANS,CODPESSOA,FAX,FRETE) values (1,10,'(11)1111-1111',900);
Insert into SYSTEMDB.TBTRANSPORTADORA (CODTRANS,CODPESSOA,FAX,FRETE) values (2,11,'(  )    -    ',1);

---------------------------------------------------
--   END DATA FOR TABLE TBTRANSPORTADORA
---------------------------------------------------


---------------------------------------------------
--   DATA FOR TABLE TBUSUARIO
--   FILTER = none used
---------------------------------------------------
REM INSERTING into SYSTEMDB.TBUSUARIO
Insert into SYSTEMDB.TBUSUARIO (CODUSUARIO,DATACADAS,ULTALTERACAO,USUARIO,PERMISSAO,SENHA,CODFUNC) values (1,to_timestamp('18/06/11 12:20:00,000000000','DD/MM/RR HH24:MI:SS,FF'),to_timestamp('18/06/11 12:20:59,859000000','DD/MM/RR HH24:MI:SS,FF'),'master',2,'1',3);
Insert into SYSTEMDB.TBUSUARIO (CODUSUARIO,DATACADAS,ULTALTERACAO,USUARIO,PERMISSAO,SENHA,CODFUNC) values (2,to_timestamp('18/06/11 12:21:00,000000000','DD/MM/RR HH24:MI:SS,FF'),to_timestamp('18/06/11 12:21:21,064000000','DD/MM/RR HH24:MI:SS,FF'),'teo',2,'22222',1);
Insert into SYSTEMDB.TBUSUARIO (CODUSUARIO,DATACADAS,ULTALTERACAO,USUARIO,PERMISSAO,SENHA,CODFUNC) values (3,to_timestamp('18/06/11 12:21:00,000000000','DD/MM/RR HH24:MI:SS,FF'),to_timestamp('18/06/11 12:21:46,520000000','DD/MM/RR HH24:MI:SS,FF'),'joao',50,'3',2);

---------------------------------------------------
--   END DATA FOR TABLE TBUSUARIO
---------------------------------------------------


---------------------------------------------------
--   DATA FOR TABLE TBVENDAS
--   FILTER = none used
---------------------------------------------------
REM INSERTING into SYSTEMDB.TBVENDAS
Insert into SYSTEMDB.TBVENDAS (NUMVENDA,CODFUNC,CODCLIE,DATAEMISSAO,SITUACAO,TIPO,SUBTOTAL,DESCONTOS,CONDPAGTO,FORMAPAGTO,JUROS,DATAENTREGA,FRETE,PARCELASRES,DESCRICAO) values (2,2,null,to_timestamp('19/06/11 00:00:00,000000000','DD/MM/RR HH24:MI:SS,FF'),'Encerado - Pago','Nova Venda',3698,31,3,'Á Vista','Dinheiro',4,null,null,null,null);
Insert into SYSTEMDB.TBVENDAS (NUMVENDA,CODFUNC,CODCLIE,DATAEMISSAO,SITUACAO,TIPO,SUBTOTAL,DESCONTOS,CONDPAGTO,FORMAPAGTO,JUROS,DATAENTREGA,FRETE,PARCELASRES,DESCRICAO) values (3,2,4,to_timestamp('19/06/11 00:00:00,000000000','DD/MM/RR HH24:MI:SS,FF'),'Encerado - Pago','Nova Venda',515,58,2,'1X','Dinheiro',0,null,null,0,null);
Insert into SYSTEMDB.TBVENDAS (NUMVENDA,CODFUNC,CODCLIE,DATAEMISSAO,SITUACAO,TIPO,SUBTOTAL,DESCONTOS,CONDPAGTO,FORMAPAGTO,JUROS,DATAENTREGA,FRETE,PARCELASRES,DESCRICAO) values (4,2,1,to_timestamp('19/06/11 00:00:00,000000000','DD/MM/RR HH24:MI:SS,FF'),'Encerado - Pago','Nova Venda',4981,08,3,'2X','Cheque',4,null,50,0,null);
Insert into SYSTEMDB.TBVENDAS (NUMVENDA,CODFUNC,CODCLIE,DATAEMISSAO,SITUACAO,TIPO,SUBTOTAL,DESCONTOS,CONDPAGTO,FORMAPAGTO,JUROS,DATAENTREGA,FRETE,PARCELASRES,DESCRICAO) values (1,1,4,to_timestamp('19/06/11 00:00:00,000000000','DD/MM/RR HH24:MI:SS,FF'),'Encerado - Pago','Nova Venda',17712,72,5,'8X','Cartão',2,7,to_timestamp('09/10/11 00:00:00,000000000','DD/MM/RR HH24:MI:SS,FF'),60,0,'swccefwv');
Insert into SYSTEMDB.TBVENDAS (NUMVENDA,CODFUNC,CODCLIE,DATAEMISSAO,SITUACAO,TIPO,SUBTOTAL,DESCONTOS,CONDPAGTO,FORMAPAGTO,JUROS,DATAENTREGA,FRETE,PARCELASRES,DESCRICAO) values (5,2,null,to_timestamp('19/06/11 00:00:00,000000000','DD/MM/RR HH24:MI:SS,FF'),'Encerado - Pago','Orçamento',123541,8,0,'Á Vista','Dinheiro',null,null,null,null,null);
Insert into SYSTEMDB.TBVENDAS (NUMVENDA,CODFUNC,CODCLIE,DATAEMISSAO,SITUACAO,TIPO,SUBTOTAL,DESCONTOS,CONDPAGTO,FORMAPAGTO,JUROS,DATAENTREGA,FRETE,PARCELASRES,DESCRICAO) values (6,2,3,to_timestamp('19/06/11 00:00:00,000000000','DD/MM/RR HH24:MI:SS,FF'),'Encerado - Pago','Nova Venda',37106,97,0,'2X','Cartão',0,to_timestamp('09/09/11 00:00:00,000000000','DD/MM/RR HH24:MI:SS,FF'),123,87,0,null);
Insert into SYSTEMDB.TBVENDAS (NUMVENDA,CODFUNC,CODCLIE,DATAEMISSAO,SITUACAO,TIPO,SUBTOTAL,DESCONTOS,CONDPAGTO,FORMAPAGTO,JUROS,DATAENTREGA,FRETE,PARCELASRES,DESCRICAO) values (7,1,null,to_timestamp('19/06/11 00:00:00,000000000','DD/MM/RR HH24:MI:SS,FF'),'Encerado - Pago','Nova Venda',3778,31,4,'3X','Cartão',4,null,80,0,null);
Insert into SYSTEMDB.TBVENDAS (NUMVENDA,CODFUNC,CODCLIE,DATAEMISSAO,SITUACAO,TIPO,SUBTOTAL,DESCONTOS,CONDPAGTO,FORMAPAGTO,JUROS,DATAENTREGA,FRETE,PARCELASRES,DESCRICAO) values (8,2,1,to_timestamp('20/06/11 00:00:00,000000000','DD/MM/RR HH24:MI:SS,FF'),'Encerado - Pago','Nova Venda',7701,61,0,'2X','Dinheiro',2,null,null,0,null);
Insert into SYSTEMDB.TBVENDAS (NUMVENDA,CODFUNC,CODCLIE,DATAEMISSAO,SITUACAO,TIPO,SUBTOTAL,DESCONTOS,CONDPAGTO,FORMAPAGTO,JUROS,DATAENTREGA,FRETE,PARCELASRES,DESCRICAO) values (9,1,3,to_timestamp('20/06/11 00:00:00,000000000','DD/MM/RR HH24:MI:SS,FF'),'Encerado - Pago','Nova Venda',8679,77,3,'6X','Cheque',5,null,null,0,null);

---------------------------------------------------
--   END DATA FOR TABLE TBVENDAS
---------------------------------------------------

--------------------------------------------------------
--  Constraints for Table TBENDERECO_HAS_TBBAI_CEP
--------------------------------------------------------

  ALTER TABLE "SYSTEMDB"."TBENDERECO_HAS_TBBAI_CEP" MODIFY ("CODENDERECO" NOT NULL ENABLE);
 
  ALTER TABLE "SYSTEMDB"."TBENDERECO_HAS_TBBAI_CEP" MODIFY ("COD_BAIRRO_CEP" NOT NULL ENABLE);
 
  ALTER TABLE "SYSTEMDB"."TBENDERECO_HAS_TBBAI_CEP" ADD PRIMARY KEY ("COD_ENDERECO_BAI_CEP")
  USING INDEX PCTFREE 10 INITRANS 2 MAXTRANS 255 COMPUTE STATISTICS 
  STORAGE(INITIAL 65536 NEXT 1048576 MINEXTENTS 1 MAXEXTENTS 2147483645
  PCTINCREASE 0 FREELISTS 1 FREELIST GROUPS 1 BUFFER_POOL DEFAULT)
  TABLESPACE "USERS"  ENABLE;
--------------------------------------------------------
--  Constraints for Table TBFUNCIONARIO
--------------------------------------------------------

  ALTER TABLE "SYSTEMDB"."TBFUNCIONARIO" MODIFY ("CODPESSOA" NOT NULL ENABLE);
 
  ALTER TABLE "SYSTEMDB"."TBFUNCIONARIO" MODIFY ("DATAADMIS" NOT NULL ENABLE);
 
  ALTER TABLE "SYSTEMDB"."TBFUNCIONARIO" MODIFY ("NUMCARTTRAB" NOT NULL ENABLE);
 
  ALTER TABLE "SYSTEMDB"."TBFUNCIONARIO" MODIFY ("CARGO" NOT NULL ENABLE);
 
  ALTER TABLE "SYSTEMDB"."TBFUNCIONARIO" MODIFY ("TURNO" NOT NULL ENABLE);
 
  ALTER TABLE "SYSTEMDB"."TBFUNCIONARIO" MODIFY ("HORAINICIAL" NOT NULL ENABLE);
 
  ALTER TABLE "SYSTEMDB"."TBFUNCIONARIO" MODIFY ("HORAFINAL" NOT NULL ENABLE);
 
  ALTER TABLE "SYSTEMDB"."TBFUNCIONARIO" MODIFY ("DIAPAGTO" NOT NULL ENABLE);
 
  ALTER TABLE "SYSTEMDB"."TBFUNCIONARIO" MODIFY ("SALARIO" NOT NULL ENABLE);
 
  ALTER TABLE "SYSTEMDB"."TBFUNCIONARIO" MODIFY ("ATIVO" NOT NULL ENABLE);
 
  ALTER TABLE "SYSTEMDB"."TBFUNCIONARIO" MODIFY ("CODSETOR" NOT NULL ENABLE);
 
  ALTER TABLE "SYSTEMDB"."TBFUNCIONARIO" MODIFY ("CODDEPARTAMENTO" NOT NULL ENABLE);
 
  ALTER TABLE "SYSTEMDB"."TBFUNCIONARIO" ADD PRIMARY KEY ("CODFUNC")
  USING INDEX PCTFREE 10 INITRANS 2 MAXTRANS 255 COMPUTE STATISTICS 
  STORAGE(INITIAL 65536 NEXT 1048576 MINEXTENTS 1 MAXEXTENTS 2147483645
  PCTINCREASE 0 FREELISTS 1 FREELIST GROUPS 1 BUFFER_POOL DEFAULT)
  TABLESPACE "USERS"  ENABLE;
--------------------------------------------------------
--  Constraints for Table TBBAIRRO
--------------------------------------------------------

  ALTER TABLE "SYSTEMDB"."TBBAIRRO" MODIFY ("BAIRRO" NOT NULL ENABLE);
 
  ALTER TABLE "SYSTEMDB"."TBBAIRRO" ADD PRIMARY KEY ("CODBAIRRO")
  USING INDEX PCTFREE 10 INITRANS 2 MAXTRANS 255 COMPUTE STATISTICS 
  STORAGE(INITIAL 65536 NEXT 1048576 MINEXTENTS 1 MAXEXTENTS 2147483645
  PCTINCREASE 0 FREELISTS 1 FREELIST GROUPS 1 BUFFER_POOL DEFAULT)
  TABLESPACE "USERS"  ENABLE;
--------------------------------------------------------
--  Constraints for Table TBCIDADE_HAS_TBESTADO
--------------------------------------------------------

  ALTER TABLE "SYSTEMDB"."TBCIDADE_HAS_TBESTADO" MODIFY ("CODCIDADE" NOT NULL ENABLE);
 
  ALTER TABLE "SYSTEMDB"."TBCIDADE_HAS_TBESTADO" MODIFY ("CODESTADO" NOT NULL ENABLE);
 
  ALTER TABLE "SYSTEMDB"."TBCIDADE_HAS_TBESTADO" ADD PRIMARY KEY ("COD_CIDADE_ESTADO")
  USING INDEX PCTFREE 10 INITRANS 2 MAXTRANS 255 COMPUTE STATISTICS 
  STORAGE(INITIAL 65536 NEXT 1048576 MINEXTENTS 1 MAXEXTENTS 2147483645
  PCTINCREASE 0 FREELISTS 1 FREELIST GROUPS 1 BUFFER_POOL DEFAULT)
  TABLESPACE "USERS"  ENABLE;
--------------------------------------------------------
--  Constraints for Table TBREGIAO
--------------------------------------------------------

  ALTER TABLE "SYSTEMDB"."TBREGIAO" MODIFY ("REGIAO" NOT NULL ENABLE);
 
  ALTER TABLE "SYSTEMDB"."TBREGIAO" ADD PRIMARY KEY ("CODREGIAO")
  USING INDEX PCTFREE 10 INITRANS 2 MAXTRANS 255 COMPUTE STATISTICS 
  STORAGE(INITIAL 65536 NEXT 1048576 MINEXTENTS 1 MAXEXTENTS 2147483645
  PCTINCREASE 0 FREELISTS 1 FREELIST GROUPS 1 BUFFER_POOL DEFAULT)
  TABLESPACE "USERS"  ENABLE;
--------------------------------------------------------
--  Constraints for Table TBUSUARIO
--------------------------------------------------------

  ALTER TABLE "SYSTEMDB"."TBUSUARIO" MODIFY ("DATACADAS" NOT NULL ENABLE);
 
  ALTER TABLE "SYSTEMDB"."TBUSUARIO" MODIFY ("ULTALTERACAO" NOT NULL ENABLE);
 
  ALTER TABLE "SYSTEMDB"."TBUSUARIO" MODIFY ("USUARIO" NOT NULL ENABLE);
 
  ALTER TABLE "SYSTEMDB"."TBUSUARIO" MODIFY ("PERMISSAO" NOT NULL ENABLE);
 
  ALTER TABLE "SYSTEMDB"."TBUSUARIO" MODIFY ("SENHA" NOT NULL ENABLE);
 
  ALTER TABLE "SYSTEMDB"."TBUSUARIO" MODIFY ("CODFUNC" NOT NULL ENABLE);
 
  ALTER TABLE "SYSTEMDB"."TBUSUARIO" ADD PRIMARY KEY ("CODUSUARIO")
  USING INDEX PCTFREE 10 INITRANS 2 MAXTRANS 255 COMPUTE STATISTICS 
  STORAGE(INITIAL 65536 NEXT 1048576 MINEXTENTS 1 MAXEXTENTS 2147483645
  PCTINCREASE 0 FREELISTS 1 FREELIST GROUPS 1 BUFFER_POOL DEFAULT)
  TABLESPACE "USERS"  ENABLE;
--------------------------------------------------------
--  Constraints for Table TBITENSVENDA
--------------------------------------------------------

  ALTER TABLE "SYSTEMDB"."TBITENSVENDA" MODIFY ("NUMVENDA" NOT NULL ENABLE);
 
  ALTER TABLE "SYSTEMDB"."TBITENSVENDA" MODIFY ("CODPRODUTO" NOT NULL ENABLE);
 
  ALTER TABLE "SYSTEMDB"."TBITENSVENDA" MODIFY ("QTDADE" NOT NULL ENABLE);
 
  ALTER TABLE "SYSTEMDB"."TBITENSVENDA" ADD PRIMARY KEY ("CODITEM")
  USING INDEX PCTFREE 10 INITRANS 2 MAXTRANS 255 COMPUTE STATISTICS 
  STORAGE(INITIAL 65536 NEXT 1048576 MINEXTENTS 1 MAXEXTENTS 2147483645
  PCTINCREASE 0 FREELISTS 1 FREELIST GROUPS 1 BUFFER_POOL DEFAULT)
  TABLESPACE "USERS"  ENABLE;
--------------------------------------------------------
--  Constraints for Table TBNOMEPROD
--------------------------------------------------------

  ALTER TABLE "SYSTEMDB"."TBNOMEPROD" MODIFY ("NOMEPROD" NOT NULL ENABLE);
 
  ALTER TABLE "SYSTEMDB"."TBNOMEPROD" ADD PRIMARY KEY ("CODNOMEPROD")
  USING INDEX PCTFREE 10 INITRANS 2 MAXTRANS 255 COMPUTE STATISTICS 
  STORAGE(INITIAL 65536 NEXT 1048576 MINEXTENTS 1 MAXEXTENTS 2147483645
  PCTINCREASE 0 FREELISTS 1 FREELIST GROUPS 1 BUFFER_POOL DEFAULT)
  TABLESPACE "USERS"  ENABLE;
--------------------------------------------------------
--  Constraints for Table TBBAIRRO_HAS_TBCEP
--------------------------------------------------------

  ALTER TABLE "SYSTEMDB"."TBBAIRRO_HAS_TBCEP" MODIFY ("CODBAIRRO" NOT NULL ENABLE);
 
  ALTER TABLE "SYSTEMDB"."TBBAIRRO_HAS_TBCEP" MODIFY ("CODCEP" NOT NULL ENABLE);
 
  ALTER TABLE "SYSTEMDB"."TBBAIRRO_HAS_TBCEP" ADD PRIMARY KEY ("COD_BAIRRO_CEP")
  USING INDEX PCTFREE 10 INITRANS 2 MAXTRANS 255 COMPUTE STATISTICS 
  STORAGE(INITIAL 65536 NEXT 1048576 MINEXTENTS 1 MAXEXTENTS 2147483645
  PCTINCREASE 0 FREELISTS 1 FREELIST GROUPS 1 BUFFER_POOL DEFAULT)
  TABLESPACE "USERS"  ENABLE;
--------------------------------------------------------
--  Constraints for Table TBTRANSPORTADORA
--------------------------------------------------------

  ALTER TABLE "SYSTEMDB"."TBTRANSPORTADORA" MODIFY ("CODPESSOA" NOT NULL ENABLE);
 
  ALTER TABLE "SYSTEMDB"."TBTRANSPORTADORA" MODIFY ("FRETE" NOT NULL ENABLE);
 
  ALTER TABLE "SYSTEMDB"."TBTRANSPORTADORA" ADD PRIMARY KEY ("CODTRANS")
  USING INDEX PCTFREE 10 INITRANS 2 MAXTRANS 255 COMPUTE STATISTICS 
  STORAGE(INITIAL 65536 NEXT 1048576 MINEXTENTS 1 MAXEXTENTS 2147483645
  PCTINCREASE 0 FREELISTS 1 FREELIST GROUPS 1 BUFFER_POOL DEFAULT)
  TABLESPACE "USERS"  ENABLE;
--------------------------------------------------------
--  Constraints for Table TBSETOR
--------------------------------------------------------

  ALTER TABLE "SYSTEMDB"."TBSETOR" MODIFY ("SETOR" NOT NULL ENABLE);
 
  ALTER TABLE "SYSTEMDB"."TBSETOR" ADD PRIMARY KEY ("CODSETOR")
  USING INDEX PCTFREE 10 INITRANS 2 MAXTRANS 255 COMPUTE STATISTICS 
  STORAGE(INITIAL 65536 NEXT 1048576 MINEXTENTS 1 MAXEXTENTS 2147483645
  PCTINCREASE 0 FREELISTS 1 FREELIST GROUPS 1 BUFFER_POOL DEFAULT)
  TABLESPACE "USERS"  ENABLE;
--------------------------------------------------------
--  Constraints for Table TBCIDADE
--------------------------------------------------------

  ALTER TABLE "SYSTEMDB"."TBCIDADE" MODIFY ("CIDADE" NOT NULL ENABLE);
 
  ALTER TABLE "SYSTEMDB"."TBCIDADE" ADD PRIMARY KEY ("CODCIDADE")
  USING INDEX PCTFREE 10 INITRANS 2 MAXTRANS 255 COMPUTE STATISTICS 
  STORAGE(INITIAL 65536 NEXT 1048576 MINEXTENTS 1 MAXEXTENTS 2147483645
  PCTINCREASE 0 FREELISTS 1 FREELIST GROUPS 1 BUFFER_POOL DEFAULT)
  TABLESPACE "USERS"  ENABLE;
--------------------------------------------------------
--  Constraints for Table TBMODELO
--------------------------------------------------------

  ALTER TABLE "SYSTEMDB"."TBMODELO" MODIFY ("MODELO" NOT NULL ENABLE);
 
  ALTER TABLE "SYSTEMDB"."TBMODELO" ADD PRIMARY KEY ("CODMODELO")
  USING INDEX PCTFREE 10 INITRANS 2 MAXTRANS 255 COMPUTE STATISTICS 
  STORAGE(INITIAL 65536 NEXT 1048576 MINEXTENTS 1 MAXEXTENTS 2147483645
  PCTINCREASE 0 FREELISTS 1 FREELIST GROUPS 1 BUFFER_POOL DEFAULT)
  TABLESPACE "USERS"  ENABLE;
--------------------------------------------------------
--  Constraints for Table TBDEPARTAMENTO
--------------------------------------------------------

  ALTER TABLE "SYSTEMDB"."TBDEPARTAMENTO" MODIFY ("DEPARTAMENTO" NOT NULL ENABLE);
 
  ALTER TABLE "SYSTEMDB"."TBDEPARTAMENTO" ADD PRIMARY KEY ("CODDEPARTAMENTO")
  USING INDEX PCTFREE 10 INITRANS 2 MAXTRANS 255 COMPUTE STATISTICS 
  STORAGE(INITIAL 65536 NEXT 1048576 MINEXTENTS 1 MAXEXTENTS 2147483645
  PCTINCREASE 0 FREELISTS 1 FREELIST GROUPS 1 BUFFER_POOL DEFAULT)
  TABLESPACE "USERS"  ENABLE;
--------------------------------------------------------
--  Constraints for Table TBESTADO
--------------------------------------------------------

  ALTER TABLE "SYSTEMDB"."TBESTADO" MODIFY ("COD_REGIAO_PAIS" NOT NULL ENABLE);
 
  ALTER TABLE "SYSTEMDB"."TBESTADO" MODIFY ("ESTADO" NOT NULL ENABLE);
 
  ALTER TABLE "SYSTEMDB"."TBESTADO" ADD PRIMARY KEY ("CODESTADO")
  USING INDEX PCTFREE 10 INITRANS 2 MAXTRANS 255 COMPUTE STATISTICS 
  STORAGE(INITIAL 65536 NEXT 1048576 MINEXTENTS 1 MAXEXTENTS 2147483645
  PCTINCREASE 0 FREELISTS 1 FREELIST GROUPS 1 BUFFER_POOL DEFAULT)
  TABLESPACE "USERS"  ENABLE;
--------------------------------------------------------
--  Constraints for Table TBCLIENTE
--------------------------------------------------------

  ALTER TABLE "SYSTEMDB"."TBCLIENTE" MODIFY ("CODPESSOA" NOT NULL ENABLE);
 
  ALTER TABLE "SYSTEMDB"."TBCLIENTE" ADD PRIMARY KEY ("CODCLIE")
  USING INDEX PCTFREE 10 INITRANS 2 MAXTRANS 255 COMPUTE STATISTICS 
  STORAGE(INITIAL 65536 NEXT 1048576 MINEXTENTS 1 MAXEXTENTS 2147483645
  PCTINCREASE 0 FREELISTS 1 FREELIST GROUPS 1 BUFFER_POOL DEFAULT)
  TABLESPACE "USERS"  ENABLE;
--------------------------------------------------------
--  Constraints for Table TBPESSOA
--------------------------------------------------------

  ALTER TABLE "SYSTEMDB"."TBPESSOA" MODIFY ("DATACADAS" NOT NULL ENABLE);
 
  ALTER TABLE "SYSTEMDB"."TBPESSOA" MODIFY ("ULTALTERACAO" NOT NULL ENABLE);
 
  ALTER TABLE "SYSTEMDB"."TBPESSOA" MODIFY ("NOME" NOT NULL ENABLE);
 
  ALTER TABLE "SYSTEMDB"."TBPESSOA" MODIFY ("CPFCNPJ" NOT NULL ENABLE);
 
  ALTER TABLE "SYSTEMDB"."TBPESSOA" MODIFY ("RGIE" NOT NULL ENABLE);
 
  ALTER TABLE "SYSTEMDB"."TBPESSOA" MODIFY ("NUMERO" NOT NULL ENABLE);
 
  ALTER TABLE "SYSTEMDB"."TBPESSOA" MODIFY ("FONE" NOT NULL ENABLE);
 
  ALTER TABLE "SYSTEMDB"."TBPESSOA" MODIFY ("COD_ENDERECO_BAI_CEP" NOT NULL ENABLE);
 
  ALTER TABLE "SYSTEMDB"."TBPESSOA" ADD PRIMARY KEY ("CODPESSOA")
  USING INDEX PCTFREE 10 INITRANS 2 MAXTRANS 255 COMPUTE STATISTICS 
  STORAGE(INITIAL 65536 NEXT 1048576 MINEXTENTS 1 MAXEXTENTS 2147483645
  PCTINCREASE 0 FREELISTS 1 FREELIST GROUPS 1 BUFFER_POOL DEFAULT)
  TABLESPACE "USERS"  ENABLE;
--------------------------------------------------------
--  Constraints for Table TBVENDAS
--------------------------------------------------------

  ALTER TABLE "SYSTEMDB"."TBVENDAS" MODIFY ("CODFUNC" NOT NULL ENABLE);
 
  ALTER TABLE "SYSTEMDB"."TBVENDAS" MODIFY ("DATAEMISSAO" NOT NULL ENABLE);
 
  ALTER TABLE "SYSTEMDB"."TBVENDAS" MODIFY ("SITUACAO" NOT NULL ENABLE);
 
  ALTER TABLE "SYSTEMDB"."TBVENDAS" MODIFY ("TIPO" NOT NULL ENABLE);
 
  ALTER TABLE "SYSTEMDB"."TBVENDAS" MODIFY ("CONDPAGTO" NOT NULL ENABLE);
 
  ALTER TABLE "SYSTEMDB"."TBVENDAS" MODIFY ("FORMAPAGTO" NOT NULL ENABLE);
 
  ALTER TABLE "SYSTEMDB"."TBVENDAS" ADD PRIMARY KEY ("NUMVENDA")
  USING INDEX PCTFREE 10 INITRANS 2 MAXTRANS 255 COMPUTE STATISTICS 
  STORAGE(INITIAL 65536 NEXT 1048576 MINEXTENTS 1 MAXEXTENTS 2147483645
  PCTINCREASE 0 FREELISTS 1 FREELIST GROUPS 1 BUFFER_POOL DEFAULT)
  TABLESPACE "USERS"  ENABLE;
--------------------------------------------------------
--  Constraints for Table TBPAIS
--------------------------------------------------------

  ALTER TABLE "SYSTEMDB"."TBPAIS" MODIFY ("CODPAIS" NOT NULL ENABLE);
 
  ALTER TABLE "SYSTEMDB"."TBPAIS" MODIFY ("PAIS" NOT NULL ENABLE);
 
  ALTER TABLE "SYSTEMDB"."TBPAIS" ADD CONSTRAINT "TBPAIS_PK" PRIMARY KEY ("CODPAIS")
  USING INDEX PCTFREE 10 INITRANS 2 MAXTRANS 255 COMPUTE STATISTICS 
  STORAGE(INITIAL 65536 NEXT 1048576 MINEXTENTS 1 MAXEXTENTS 2147483645
  PCTINCREASE 0 FREELISTS 1 FREELIST GROUPS 1 BUFFER_POOL DEFAULT)
  TABLESPACE "USERS"  ENABLE;
--------------------------------------------------------
--  Constraints for Table TBMARCA
--------------------------------------------------------

  ALTER TABLE "SYSTEMDB"."TBMARCA" MODIFY ("MARCA" NOT NULL ENABLE);
 
  ALTER TABLE "SYSTEMDB"."TBMARCA" ADD PRIMARY KEY ("CODMARCA")
  USING INDEX PCTFREE 10 INITRANS 2 MAXTRANS 255 COMPUTE STATISTICS 
  STORAGE(INITIAL 65536 NEXT 1048576 MINEXTENTS 1 MAXEXTENTS 2147483645
  PCTINCREASE 0 FREELISTS 1 FREELIST GROUPS 1 BUFFER_POOL DEFAULT)
  TABLESPACE "USERS"  ENABLE;
--------------------------------------------------------
--  Constraints for Table TBCEP
--------------------------------------------------------

  ALTER TABLE "SYSTEMDB"."TBCEP" MODIFY ("COD_CIDADE_ESTADO" NOT NULL ENABLE);
 
  ALTER TABLE "SYSTEMDB"."TBCEP" MODIFY ("CEP" NOT NULL ENABLE);
 
  ALTER TABLE "SYSTEMDB"."TBCEP" ADD PRIMARY KEY ("CODCEP")
  USING INDEX PCTFREE 10 INITRANS 2 MAXTRANS 255 COMPUTE STATISTICS 
  STORAGE(INITIAL 65536 NEXT 1048576 MINEXTENTS 1 MAXEXTENTS 2147483645
  PCTINCREASE 0 FREELISTS 1 FREELIST GROUPS 1 BUFFER_POOL DEFAULT)
  TABLESPACE "USERS"  ENABLE;
--------------------------------------------------------
--  Constraints for Table TBPRODUTO
--------------------------------------------------------

  ALTER TABLE "SYSTEMDB"."TBPRODUTO" MODIFY ("CODNOMEPROD" NOT NULL ENABLE);
 
  ALTER TABLE "SYSTEMDB"."TBPRODUTO" MODIFY ("CODMODELO" NOT NULL ENABLE);
 
  ALTER TABLE "SYSTEMDB"."TBPRODUTO" MODIFY ("CODMARCA" NOT NULL ENABLE);
 
  ALTER TABLE "SYSTEMDB"."TBPRODUTO" MODIFY ("DATACADAS" NOT NULL ENABLE);
 
  ALTER TABLE "SYSTEMDB"."TBPRODUTO" MODIFY ("ULTALTERACAO" NOT NULL ENABLE);
 
  ALTER TABLE "SYSTEMDB"."TBPRODUTO" MODIFY ("UNIDADE" NOT NULL ENABLE);
 
  ALTER TABLE "SYSTEMDB"."TBPRODUTO" MODIFY ("QUANTIDADE" NOT NULL ENABLE);
 
  ALTER TABLE "SYSTEMDB"."TBPRODUTO" MODIFY ("PRECOCOMPRA" NOT NULL ENABLE);
 
  ALTER TABLE "SYSTEMDB"."TBPRODUTO" MODIFY ("PERCENTUALLUCRO" NOT NULL ENABLE);
 
  ALTER TABLE "SYSTEMDB"."TBPRODUTO" MODIFY ("IPI" NOT NULL ENABLE);
 
  ALTER TABLE "SYSTEMDB"."TBPRODUTO" MODIFY ("DESCONTOS" NOT NULL ENABLE);
 
  ALTER TABLE "SYSTEMDB"."TBPRODUTO" ADD PRIMARY KEY ("CODPRODUTO")
  USING INDEX PCTFREE 10 INITRANS 2 MAXTRANS 255 COMPUTE STATISTICS 
  STORAGE(INITIAL 65536 NEXT 1048576 MINEXTENTS 1 MAXEXTENTS 2147483645
  PCTINCREASE 0 FREELISTS 1 FREELIST GROUPS 1 BUFFER_POOL DEFAULT)
  TABLESPACE "USERS"  ENABLE;
--------------------------------------------------------
--  Constraints for Table TBREGIAO_HAS_TBPAIS
--------------------------------------------------------

  ALTER TABLE "SYSTEMDB"."TBREGIAO_HAS_TBPAIS" MODIFY ("CODREGIAO" NOT NULL ENABLE);
 
  ALTER TABLE "SYSTEMDB"."TBREGIAO_HAS_TBPAIS" MODIFY ("CODPAIS" NOT NULL ENABLE);
 
  ALTER TABLE "SYSTEMDB"."TBREGIAO_HAS_TBPAIS" ADD PRIMARY KEY ("COD_REGIAO_PAIS")
  USING INDEX PCTFREE 10 INITRANS 2 MAXTRANS 255 COMPUTE STATISTICS 
  STORAGE(INITIAL 65536 NEXT 1048576 MINEXTENTS 1 MAXEXTENTS 2147483645
  PCTINCREASE 0 FREELISTS 1 FREELIST GROUPS 1 BUFFER_POOL DEFAULT)
  TABLESPACE "USERS"  ENABLE;
--------------------------------------------------------
--  Constraints for Table TBFORNECEDOR
--------------------------------------------------------

  ALTER TABLE "SYSTEMDB"."TBFORNECEDOR" MODIFY ("CODPESSOA" NOT NULL ENABLE);
 
  ALTER TABLE "SYSTEMDB"."TBFORNECEDOR" MODIFY ("TIPOFORNECEDOR" NOT NULL ENABLE);
 
  ALTER TABLE "SYSTEMDB"."TBFORNECEDOR" MODIFY ("NOMECONTATO" NOT NULL ENABLE);
 
  ALTER TABLE "SYSTEMDB"."TBFORNECEDOR" MODIFY ("FONECONTATO" NOT NULL ENABLE);
 
  ALTER TABLE "SYSTEMDB"."TBFORNECEDOR" ADD PRIMARY KEY ("CODFORN")
  USING INDEX PCTFREE 10 INITRANS 2 MAXTRANS 255 COMPUTE STATISTICS 
  STORAGE(INITIAL 65536 NEXT 1048576 MINEXTENTS 1 MAXEXTENTS 2147483645
  PCTINCREASE 0 FREELISTS 1 FREELIST GROUPS 1 BUFFER_POOL DEFAULT)
  TABLESPACE "USERS"  ENABLE;
--------------------------------------------------------
--  Constraints for Table TBENDERECO
--------------------------------------------------------

  ALTER TABLE "SYSTEMDB"."TBENDERECO" MODIFY ("ENDERECO" NOT NULL ENABLE);
 
  ALTER TABLE "SYSTEMDB"."TBENDERECO" ADD PRIMARY KEY ("CODENDERECO")
  USING INDEX PCTFREE 10 INITRANS 2 MAXTRANS 255 COMPUTE STATISTICS 
  STORAGE(INITIAL 65536 NEXT 1048576 MINEXTENTS 1 MAXEXTENTS 2147483645
  PCTINCREASE 0 FREELISTS 1 FREELIST GROUPS 1 BUFFER_POOL DEFAULT)
  TABLESPACE "USERS"  ENABLE;
--------------------------------------------------------
--  DDL for Index TBPAIS_PK
--------------------------------------------------------

  CREATE UNIQUE INDEX "SYSTEMDB"."TBPAIS_PK" ON "SYSTEMDB"."TBPAIS" ("CODPAIS") 
  PCTFREE 10 INITRANS 2 MAXTRANS 255 COMPUTE STATISTICS 
  STORAGE(INITIAL 65536 NEXT 1048576 MINEXTENTS 1 MAXEXTENTS 2147483645
  PCTINCREASE 0 FREELISTS 1 FREELIST GROUPS 1 BUFFER_POOL DEFAULT)
  TABLESPACE "USERS" ;

--------------------------------------------------------
--  Ref Constraints for Table TBBAIRRO_HAS_TBCEP
--------------------------------------------------------

  ALTER TABLE "SYSTEMDB"."TBBAIRRO_HAS_TBCEP" ADD CONSTRAINT "FKCODBAIRRO" FOREIGN KEY ("CODBAIRRO")
	  REFERENCES "SYSTEMDB"."TBBAIRRO" ("CODBAIRRO") ENABLE;
 
  ALTER TABLE "SYSTEMDB"."TBBAIRRO_HAS_TBCEP" ADD CONSTRAINT "FKCODCEP" FOREIGN KEY ("CODCEP")
	  REFERENCES "SYSTEMDB"."TBCEP" ("CODCEP") ENABLE;
--------------------------------------------------------
--  Ref Constraints for Table TBCEP
--------------------------------------------------------

  ALTER TABLE "SYSTEMDB"."TBCEP" ADD CONSTRAINT "FKCOD_CIDADE_ESTADO" FOREIGN KEY ("COD_CIDADE_ESTADO")
	  REFERENCES "SYSTEMDB"."TBCIDADE_HAS_TBESTADO" ("COD_CIDADE_ESTADO") ENABLE;

--------------------------------------------------------
--  Ref Constraints for Table TBCIDADE_HAS_TBESTADO
--------------------------------------------------------

  ALTER TABLE "SYSTEMDB"."TBCIDADE_HAS_TBESTADO" ADD CONSTRAINT "FKCODCIDADE" FOREIGN KEY ("CODCIDADE")
	  REFERENCES "SYSTEMDB"."TBCIDADE" ("CODCIDADE") ENABLE;
 
  ALTER TABLE "SYSTEMDB"."TBCIDADE_HAS_TBESTADO" ADD CONSTRAINT "FKCODESTADO" FOREIGN KEY ("CODESTADO")
	  REFERENCES "SYSTEMDB"."TBESTADO" ("CODESTADO") ENABLE;
--------------------------------------------------------
--  Ref Constraints for Table TBCLIENTE
--------------------------------------------------------

  ALTER TABLE "SYSTEMDB"."TBCLIENTE" ADD CONSTRAINT "FKCODPESSOACLIE" FOREIGN KEY ("CODPESSOA")
	  REFERENCES "SYSTEMDB"."TBPESSOA" ("CODPESSOA") ENABLE;


--------------------------------------------------------
--  Ref Constraints for Table TBENDERECO_HAS_TBBAI_CEP
--------------------------------------------------------

  ALTER TABLE "SYSTEMDB"."TBENDERECO_HAS_TBBAI_CEP" ADD CONSTRAINT "FKCODENDERECO" FOREIGN KEY ("CODENDERECO")
	  REFERENCES "SYSTEMDB"."TBENDERECO" ("CODENDERECO") ENABLE;
 
  ALTER TABLE "SYSTEMDB"."TBENDERECO_HAS_TBBAI_CEP" ADD CONSTRAINT "FKCOD_BAIRRO_CEP" FOREIGN KEY ("COD_BAIRRO_CEP")
	  REFERENCES "SYSTEMDB"."TBBAIRRO_HAS_TBCEP" ("COD_BAIRRO_CEP") ENABLE;
--------------------------------------------------------
--  Ref Constraints for Table TBESTADO
--------------------------------------------------------

  ALTER TABLE "SYSTEMDB"."TBESTADO" ADD CONSTRAINT "FKCOD_REGIAO_PAIS" FOREIGN KEY ("COD_REGIAO_PAIS")
	  REFERENCES "SYSTEMDB"."TBREGIAO_HAS_TBPAIS" ("COD_REGIAO_PAIS") ENABLE;
--------------------------------------------------------
--  Ref Constraints for Table TBFORNECEDOR
--------------------------------------------------------

  ALTER TABLE "SYSTEMDB"."TBFORNECEDOR" ADD CONSTRAINT "FKCODPESSOA_FORN" FOREIGN KEY ("CODPESSOA")
	  REFERENCES "SYSTEMDB"."TBPESSOA" ("CODPESSOA") ENABLE;
--------------------------------------------------------
--  Ref Constraints for Table TBFUNCIONARIO
--------------------------------------------------------

  ALTER TABLE "SYSTEMDB"."TBFUNCIONARIO" ADD CONSTRAINT "FKCODDEPARTAMENTO" FOREIGN KEY ("CODDEPARTAMENTO")
	  REFERENCES "SYSTEMDB"."TBDEPARTAMENTO" ("CODDEPARTAMENTO") ENABLE;
 
  ALTER TABLE "SYSTEMDB"."TBFUNCIONARIO" ADD CONSTRAINT "FKCODPESSOAFUNC" FOREIGN KEY ("CODPESSOA")
	  REFERENCES "SYSTEMDB"."TBPESSOA" ("CODPESSOA") ENABLE;
 
  ALTER TABLE "SYSTEMDB"."TBFUNCIONARIO" ADD CONSTRAINT "FKCODSETOR" FOREIGN KEY ("CODSETOR")
	  REFERENCES "SYSTEMDB"."TBSETOR" ("CODSETOR") ENABLE;
--------------------------------------------------------
--  Ref Constraints for Table TBITENSVENDA
--------------------------------------------------------

  ALTER TABLE "SYSTEMDB"."TBITENSVENDA" ADD CONSTRAINT "FKCODPRODUTO" FOREIGN KEY ("CODPRODUTO")
	  REFERENCES "SYSTEMDB"."TBPRODUTO" ("CODPRODUTO") ENABLE;
 
  ALTER TABLE "SYSTEMDB"."TBITENSVENDA" ADD CONSTRAINT "FKNUMVENDA" FOREIGN KEY ("NUMVENDA")
	  REFERENCES "SYSTEMDB"."TBVENDAS" ("NUMVENDA") ENABLE;




--------------------------------------------------------
--  Ref Constraints for Table TBPESSOA
--------------------------------------------------------

  ALTER TABLE "SYSTEMDB"."TBPESSOA" ADD CONSTRAINT "FKCOD_CIDADE_ESTADO_PESSOA" FOREIGN KEY ("COD_CIDADE_ESTADO")
	  REFERENCES "SYSTEMDB"."TBCIDADE_HAS_TBESTADO" ("COD_CIDADE_ESTADO") ENABLE;
 
  ALTER TABLE "SYSTEMDB"."TBPESSOA" ADD CONSTRAINT "FKCOD_ENDERECO_BAI_CEP" FOREIGN KEY ("COD_ENDERECO_BAI_CEP")
	  REFERENCES "SYSTEMDB"."TBENDERECO_HAS_TBBAI_CEP" ("COD_ENDERECO_BAI_CEP") ENABLE;
--------------------------------------------------------
--  Ref Constraints for Table TBPRODUTO
--------------------------------------------------------

  ALTER TABLE "SYSTEMDB"."TBPRODUTO" ADD CONSTRAINT "FKCODMARCA" FOREIGN KEY ("CODMARCA")
	  REFERENCES "SYSTEMDB"."TBMARCA" ("CODMARCA") ENABLE;
 
  ALTER TABLE "SYSTEMDB"."TBPRODUTO" ADD CONSTRAINT "FKCODMODELO" FOREIGN KEY ("CODMODELO")
	  REFERENCES "SYSTEMDB"."TBMODELO" ("CODMODELO") ENABLE;
 
  ALTER TABLE "SYSTEMDB"."TBPRODUTO" ADD CONSTRAINT "FKCODNOMEPROD" FOREIGN KEY ("CODNOMEPROD")
	  REFERENCES "SYSTEMDB"."TBNOMEPROD" ("CODNOMEPROD") ENABLE;

--------------------------------------------------------
--  Ref Constraints for Table TBREGIAO_HAS_TBPAIS
--------------------------------------------------------

  ALTER TABLE "SYSTEMDB"."TBREGIAO_HAS_TBPAIS" ADD CONSTRAINT "FKCODPAIS" FOREIGN KEY ("CODPAIS")
	  REFERENCES "SYSTEMDB"."TBPAIS" ("CODPAIS") ENABLE;
 
  ALTER TABLE "SYSTEMDB"."TBREGIAO_HAS_TBPAIS" ADD CONSTRAINT "FKCODREGIAO" FOREIGN KEY ("CODREGIAO")
	  REFERENCES "SYSTEMDB"."TBREGIAO" ("CODREGIAO") ENABLE;

--------------------------------------------------------
--  Ref Constraints for Table TBTRANSPORTADORA
--------------------------------------------------------

  ALTER TABLE "SYSTEMDB"."TBTRANSPORTADORA" ADD CONSTRAINT "FKCODPESSOA_TRANS" FOREIGN KEY ("CODPESSOA")
	  REFERENCES "SYSTEMDB"."TBPESSOA" ("CODPESSOA") ENABLE;
--------------------------------------------------------
--  Ref Constraints for Table TBUSUARIO
--------------------------------------------------------

  ALTER TABLE "SYSTEMDB"."TBUSUARIO" ADD CONSTRAINT "FKCODFUNC" FOREIGN KEY ("CODFUNC")
	  REFERENCES "SYSTEMDB"."TBFUNCIONARIO" ("CODFUNC") ENABLE;
--------------------------------------------------------
--  Ref Constraints for Table TBVENDAS
--------------------------------------------------------

  ALTER TABLE "SYSTEMDB"."TBVENDAS" ADD CONSTRAINT "FKCODCLIE_VENDAS" FOREIGN KEY ("CODCLIE")
	  REFERENCES "SYSTEMDB"."TBCLIENTE" ("CODCLIE") ENABLE;
 
  ALTER TABLE "SYSTEMDB"."TBVENDAS" ADD CONSTRAINT "FKCODFUNC_VENDAS" FOREIGN KEY ("CODFUNC")
	  REFERENCES "SYSTEMDB"."TBFUNCIONARIO" ("CODFUNC") ENABLE;
