--------------------------------------------------------
--  Arquivo criado - Segunda-feira-Julho-04-2011   
--------------------------------------------------------
  DROP TABLE "SYSTEMIVEN"."TBAMBIENTE" cascade constraints;
  DROP TABLE "SYSTEMIVEN"."TBBAIRRO" cascade constraints;
  DROP TABLE "SYSTEMIVEN"."TBBAIRRO_HAS_TBCEP" cascade constraints;
  DROP TABLE "SYSTEMIVEN"."TBCEP" cascade constraints;
  DROP TABLE "SYSTEMIVEN"."TBCHAMADA" cascade constraints;
  DROP TABLE "SYSTEMIVEN"."TBCIDADE" cascade constraints;
  DROP TABLE "SYSTEMIVEN"."TBDEFEITO" cascade constraints;
  DROP TABLE "SYSTEMIVEN"."TBEMPRESA" cascade constraints;
  DROP TABLE "SYSTEMIVEN"."TBENDERECO" cascade constraints;
  DROP TABLE "SYSTEMIVEN"."TBENDERECO_HAS_TBBAI_CEP" cascade constraints;
  DROP TABLE "SYSTEMIVEN"."TBFORNECEDOR" cascade constraints;
  DROP TABLE "SYSTEMIVEN"."TBFUNCIONARIO" cascade constraints;
  DROP TABLE "SYSTEMIVEN"."TBITEMCHAMADA" cascade constraints;
  DROP TABLE "SYSTEMIVEN"."TBPATRIMONIO" cascade constraints;
  DROP TABLE "SYSTEMIVEN"."TBPESSOA" cascade constraints;
--------------------------------------------------------
--  DDL for Table TBAMBIENTE
--------------------------------------------------------

  CREATE TABLE "SYSTEMIVEN"."TBAMBIENTE" 
   (	"CODAMBIENTE" NUMBER, 
	"AMBIENTE" VARCHAR2(40 BYTE)
   ) PCTFREE 10 PCTUSED 40 INITRANS 1 MAXTRANS 255 NOCOMPRESS LOGGING
  STORAGE(INITIAL 65536 NEXT 1048576 MINEXTENTS 1 MAXEXTENTS 2147483645
  PCTINCREASE 0 FREELISTS 1 FREELIST GROUPS 1 BUFFER_POOL DEFAULT)
  TABLESPACE "USERS" ;
--------------------------------------------------------
--  DDL for Table TBBAIRRO
--------------------------------------------------------

  CREATE TABLE "SYSTEMIVEN"."TBBAIRRO" 
   (	"CODBAIRRO" NUMBER, 
	"BAIRRO" VARCHAR2(50 BYTE)
   ) PCTFREE 10 PCTUSED 40 INITRANS 1 MAXTRANS 255 NOCOMPRESS LOGGING
  STORAGE(INITIAL 65536 NEXT 1048576 MINEXTENTS 1 MAXEXTENTS 2147483645
  PCTINCREASE 0 FREELISTS 1 FREELIST GROUPS 1 BUFFER_POOL DEFAULT)
  TABLESPACE "USERS" ;
--------------------------------------------------------
--  DDL for Table TBBAIRRO_HAS_TBCEP
--------------------------------------------------------

  CREATE TABLE "SYSTEMIVEN"."TBBAIRRO_HAS_TBCEP" 
   (	"COD_BAIRRO_CEP" NUMBER, 
	"CODBAIRRO" NUMBER, 
	"CODCEP" NUMBER
   ) PCTFREE 10 PCTUSED 40 INITRANS 1 MAXTRANS 255 NOCOMPRESS LOGGING
  STORAGE(INITIAL 65536 NEXT 1048576 MINEXTENTS 1 MAXEXTENTS 2147483645
  PCTINCREASE 0 FREELISTS 1 FREELIST GROUPS 1 BUFFER_POOL DEFAULT)
  TABLESPACE "USERS" ;
--------------------------------------------------------
--  DDL for Table TBCEP
--------------------------------------------------------

  CREATE TABLE "SYSTEMIVEN"."TBCEP" 
   (	"CODCEP" NUMBER, 
	"CEP" VARCHAR2(9 BYTE), 
	"CODCIDADE" NUMBER
   ) PCTFREE 10 PCTUSED 40 INITRANS 1 MAXTRANS 255 NOCOMPRESS LOGGING
  STORAGE(INITIAL 65536 NEXT 1048576 MINEXTENTS 1 MAXEXTENTS 2147483645
  PCTINCREASE 0 FREELISTS 1 FREELIST GROUPS 1 BUFFER_POOL DEFAULT)
  TABLESPACE "USERS" ;
--------------------------------------------------------
--  DDL for Table TBCHAMADA
--------------------------------------------------------

  CREATE TABLE "SYSTEMIVEN"."TBCHAMADA" 
   (	"NUMCHAMADA" NUMBER, 
	"DATAREALIZACAO" TIMESTAMP (6), 
	"SITUACAO" VARCHAR2(9 BYTE), 
	"NUMOCORRENCIAS" NUMBER, 
	"CODAMBIENTE" NUMBER, 
	"CODPATRIMONIO" NUMBER, 
	"CODFUNC" NUMBER, 
	"CODDEFEITO" NUMBER
   ) PCTFREE 10 PCTUSED 40 INITRANS 1 MAXTRANS 255 NOCOMPRESS LOGGING
  STORAGE(INITIAL 65536 NEXT 1048576 MINEXTENTS 1 MAXEXTENTS 2147483645
  PCTINCREASE 0 FREELISTS 1 FREELIST GROUPS 1 BUFFER_POOL DEFAULT)
  TABLESPACE "USERS" ;
--------------------------------------------------------
--  DDL for Table TBCIDADE
--------------------------------------------------------

  CREATE TABLE "SYSTEMIVEN"."TBCIDADE" 
   (	"CODCIDADE" NUMBER, 
	"CIDADE" VARCHAR2(60 BYTE)
   ) PCTFREE 10 PCTUSED 40 INITRANS 1 MAXTRANS 255 NOCOMPRESS LOGGING
  STORAGE(INITIAL 65536 NEXT 1048576 MINEXTENTS 1 MAXEXTENTS 2147483645
  PCTINCREASE 0 FREELISTS 1 FREELIST GROUPS 1 BUFFER_POOL DEFAULT)
  TABLESPACE "USERS" ;
--------------------------------------------------------
--  DDL for Table TBDEFEITO
--------------------------------------------------------

  CREATE TABLE "SYSTEMIVEN"."TBDEFEITO" 
   (	"CODDEFEITO" NUMBER, 
	"DEFEITO" VARCHAR2(200 BYTE)
   ) PCTFREE 10 PCTUSED 40 INITRANS 1 MAXTRANS 255 NOCOMPRESS LOGGING
  STORAGE(INITIAL 65536 NEXT 1048576 MINEXTENTS 1 MAXEXTENTS 2147483645
  PCTINCREASE 0 FREELISTS 1 FREELIST GROUPS 1 BUFFER_POOL DEFAULT)
  TABLESPACE "USERS" ;
--------------------------------------------------------
--  DDL for Table TBEMPRESA
--------------------------------------------------------

  CREATE TABLE "SYSTEMIVEN"."TBEMPRESA" 
   (	"CODEMP" NUMBER, 
	"EMAIL" VARCHAR2(150 BYTE), 
	"CODPESSOA" NUMBER
   ) PCTFREE 10 PCTUSED 40 INITRANS 1 MAXTRANS 255 NOCOMPRESS LOGGING
  STORAGE(INITIAL 65536 NEXT 1048576 MINEXTENTS 1 MAXEXTENTS 2147483645
  PCTINCREASE 0 FREELISTS 1 FREELIST GROUPS 1 BUFFER_POOL DEFAULT)
  TABLESPACE "USERS" ;
--------------------------------------------------------
--  DDL for Table TBENDERECO
--------------------------------------------------------

  CREATE TABLE "SYSTEMIVEN"."TBENDERECO" 
   (	"CODENDERECO" NUMBER, 
	"ENDERECO" VARCHAR2(90 BYTE)
   ) PCTFREE 10 PCTUSED 40 INITRANS 1 MAXTRANS 255 NOCOMPRESS LOGGING
  STORAGE(INITIAL 65536 NEXT 1048576 MINEXTENTS 1 MAXEXTENTS 2147483645
  PCTINCREASE 0 FREELISTS 1 FREELIST GROUPS 1 BUFFER_POOL DEFAULT)
  TABLESPACE "USERS" ;
--------------------------------------------------------
--  DDL for Table TBENDERECO_HAS_TBBAI_CEP
--------------------------------------------------------

  CREATE TABLE "SYSTEMIVEN"."TBENDERECO_HAS_TBBAI_CEP" 
   (	"COD_ENDERECO_BAI_CEP" NUMBER, 
	"CODENDERECO" NUMBER, 
	"COD_BAIRRO_CEP" NUMBER
   ) PCTFREE 10 PCTUSED 40 INITRANS 1 MAXTRANS 255 NOCOMPRESS LOGGING
  STORAGE(INITIAL 65536 NEXT 1048576 MINEXTENTS 1 MAXEXTENTS 2147483645
  PCTINCREASE 0 FREELISTS 1 FREELIST GROUPS 1 BUFFER_POOL DEFAULT)
  TABLESPACE "USERS" ;
--------------------------------------------------------
--  DDL for Table TBFORNECEDOR
--------------------------------------------------------

  CREATE TABLE "SYSTEMIVEN"."TBFORNECEDOR" 
   (	"CODFORN" NUMBER, 
	"EMAIL" VARCHAR2(150 BYTE), 
	"HOMEPAGE" VARCHAR2(150 BYTE), 
	"CODPESSOA" NUMBER
   ) PCTFREE 10 PCTUSED 40 INITRANS 1 MAXTRANS 255 NOCOMPRESS LOGGING
  STORAGE(INITIAL 65536 NEXT 1048576 MINEXTENTS 1 MAXEXTENTS 2147483645
  PCTINCREASE 0 FREELISTS 1 FREELIST GROUPS 1 BUFFER_POOL DEFAULT)
  TABLESPACE "USERS" ;
--------------------------------------------------------
--  DDL for Table TBFUNCIONARIO
--------------------------------------------------------

  CREATE TABLE "SYSTEMIVEN"."TBFUNCIONARIO" 
   (	"CODFUNC" NUMBER, 
	"SEXO" VARCHAR2(1 BYTE), 
	"ESTADOCIVIL" VARCHAR2(3 BYTE), 
	"DATANASC" DATE, 
	"COMPLEMENTO" VARCHAR2(30 BYTE), 
	"NUMCARTTRAB" VARCHAR2(13 BYTE), 
	"CARGO" VARCHAR2(50 BYTE), 
	"SALARIO" NUMBER, 
	"USUARIO" VARCHAR2(15 BYTE), 
	"SENHA" VARCHAR2(20 BYTE), 
	"PERMISSAO" NUMBER, 
	"DATAADMISSAO" DATE, 
	"DATADEMISSAO" DATE, 
	"CODPESSOA" NUMBER
   ) PCTFREE 10 PCTUSED 40 INITRANS 1 MAXTRANS 255 NOCOMPRESS LOGGING
  STORAGE(INITIAL 65536 NEXT 1048576 MINEXTENTS 1 MAXEXTENTS 2147483645
  PCTINCREASE 0 FREELISTS 1 FREELIST GROUPS 1 BUFFER_POOL DEFAULT)
  TABLESPACE "USERS" ;
--------------------------------------------------------
--  DDL for Table TBITEMCHAMADA
--------------------------------------------------------

  CREATE TABLE "SYSTEMIVEN"."TBITEMCHAMADA" 
   (	"CODITEMCHAM" NUMBER, 
	"DESCRICAO" VARCHAR2(150 BYTE), 
	"QTDADE" NUMBER, 
	"VALOR" NUMBER, 
	"DATAITEM" TIMESTAMP (6), 
	"NUMCHAMADA" NUMBER
   ) PCTFREE 10 PCTUSED 40 INITRANS 1 MAXTRANS 255 NOCOMPRESS LOGGING
  STORAGE(INITIAL 65536 NEXT 1048576 MINEXTENTS 1 MAXEXTENTS 2147483645
  PCTINCREASE 0 FREELISTS 1 FREELIST GROUPS 1 BUFFER_POOL DEFAULT)
  TABLESPACE "USERS" ;
--------------------------------------------------------
--  DDL for Table TBPATRIMONIO
--------------------------------------------------------

  CREATE TABLE "SYSTEMIVEN"."TBPATRIMONIO" 
   (	"CODPATRIMONIO" NUMBER, 
	"DATACADAS" TIMESTAMP (6), 
	"ULTALTERACAO" TIMESTAMP (6), 
	"DESCRICAO" VARCHAR2(100 BYTE), 
	"DATAAQUISICAO" DATE, 
	"NUMNOTAFISCAL" NUMBER, 
	"NUMSERIE" VARCHAR2(30 BYTE), 
	"MESESGARANTIA" NUMBER, 
	"VALOR" NUMBER, 
	"SITUACAOBEM" NUMBER, 
	"CODAMBIENTE" NUMBER, 
	"CODFORN" NUMBER, 
	"CODEMP" NUMBER
   ) PCTFREE 10 PCTUSED 40 INITRANS 1 MAXTRANS 255 NOCOMPRESS LOGGING
  STORAGE(INITIAL 65536 NEXT 1048576 MINEXTENTS 1 MAXEXTENTS 2147483645
  PCTINCREASE 0 FREELISTS 1 FREELIST GROUPS 1 BUFFER_POOL DEFAULT)
  TABLESPACE "USERS" ;
--------------------------------------------------------
--  DDL for Table TBPESSOA
--------------------------------------------------------

  CREATE TABLE "SYSTEMIVEN"."TBPESSOA" 
   (	"CODPESSOA" NUMBER, 
	"DATACADAS" TIMESTAMP (6), 
	"ULTALTERACAO" TIMESTAMP (6), 
	"NOME" VARCHAR2(60 BYTE), 
	"CPFCNPJ" VARCHAR2(18 BYTE), 
	"RGIE" VARCHAR2(11 BYTE), 
	"NUMERO" NUMBER, 
	"CONTATO" VARCHAR2(13 BYTE), 
	"COD_ENDERECO_BAI_CEP" NUMBER
   ) PCTFREE 10 PCTUSED 40 INITRANS 1 MAXTRANS 255 NOCOMPRESS LOGGING
  STORAGE(INITIAL 65536 NEXT 1048576 MINEXTENTS 1 MAXEXTENTS 2147483645
  PCTINCREASE 0 FREELISTS 1 FREELIST GROUPS 1 BUFFER_POOL DEFAULT)
  TABLESPACE "USERS" ;

---------------------------------------------------
--   DATA FOR TABLE TBAMBIENTE
--   FILTER = none used
---------------------------------------------------
REM INSERTING into SYSTEMIVEN.TBAMBIENTE
Insert into SYSTEMIVEN.TBAMBIENTE (CODAMBIENTE,AMBIENTE) values (1,'Sala 10');
Insert into SYSTEMIVEN.TBAMBIENTE (CODAMBIENTE,AMBIENTE) values (8,'Manutenção');
Insert into SYSTEMIVEN.TBAMBIENTE (CODAMBIENTE,AMBIENTE) values (3,'Treinamento');
Insert into SYSTEMIVEN.TBAMBIENTE (CODAMBIENTE,AMBIENTE) values (4,'Suporte');
Insert into SYSTEMIVEN.TBAMBIENTE (CODAMBIENTE,AMBIENTE) values (5,'Recepção');
Insert into SYSTEMIVEN.TBAMBIENTE (CODAMBIENTE,AMBIENTE) values (6,'Administração');
Insert into SYSTEMIVEN.TBAMBIENTE (CODAMBIENTE,AMBIENTE) values (9,'Sala 1');
Insert into SYSTEMIVEN.TBAMBIENTE (CODAMBIENTE,AMBIENTE) values (7,'Sala 8');
Insert into SYSTEMIVEN.TBAMBIENTE (CODAMBIENTE,AMBIENTE) values (10,'Sala 2');
Insert into SYSTEMIVEN.TBAMBIENTE (CODAMBIENTE,AMBIENTE) values (11,'Sala 5');
Insert into SYSTEMIVEN.TBAMBIENTE (CODAMBIENTE,AMBIENTE) values (12,'Sala 12');

---------------------------------------------------
--   END DATA FOR TABLE TBAMBIENTE
---------------------------------------------------


---------------------------------------------------
--   DATA FOR TABLE TBBAIRRO
--   FILTER = none used
---------------------------------------------------
REM INSERTING into SYSTEMIVEN.TBBAIRRO
Insert into SYSTEMIVEN.TBBAIRRO (CODBAIRRO,BAIRRO) values (1,'Mulde');
Insert into SYSTEMIVEN.TBBAIRRO (CODBAIRRO,BAIRRO) values (2,'Centro');
Insert into SYSTEMIVEN.TBBAIRRO (CODBAIRRO,BAIRRO) values (3,'Encano Baixo');
Insert into SYSTEMIVEN.TBBAIRRO (CODBAIRRO,BAIRRO) values (4,'Garcia');
Insert into SYSTEMIVEN.TBBAIRRO (CODBAIRRO,BAIRRO) values (5,'Carijós');

---------------------------------------------------
--   END DATA FOR TABLE TBBAIRRO
---------------------------------------------------


---------------------------------------------------
--   DATA FOR TABLE TBBAIRRO_HAS_TBCEP
--   FILTER = none used
---------------------------------------------------
REM INSERTING into SYSTEMIVEN.TBBAIRRO_HAS_TBCEP
Insert into SYSTEMIVEN.TBBAIRRO_HAS_TBCEP (COD_BAIRRO_CEP,CODBAIRRO,CODCEP) values (1,1,6);
Insert into SYSTEMIVEN.TBBAIRRO_HAS_TBCEP (COD_BAIRRO_CEP,CODBAIRRO,CODCEP) values (2,2,1);
Insert into SYSTEMIVEN.TBBAIRRO_HAS_TBCEP (COD_BAIRRO_CEP,CODBAIRRO,CODCEP) values (3,2,2);
Insert into SYSTEMIVEN.TBBAIRRO_HAS_TBCEP (COD_BAIRRO_CEP,CODBAIRRO,CODCEP) values (4,2,6);
Insert into SYSTEMIVEN.TBBAIRRO_HAS_TBCEP (COD_BAIRRO_CEP,CODBAIRRO,CODCEP) values (5,3,6);
Insert into SYSTEMIVEN.TBBAIRRO_HAS_TBCEP (COD_BAIRRO_CEP,CODBAIRRO,CODCEP) values (6,4,2);
Insert into SYSTEMIVEN.TBBAIRRO_HAS_TBCEP (COD_BAIRRO_CEP,CODBAIRRO,CODCEP) values (7,5,6);
Insert into SYSTEMIVEN.TBBAIRRO_HAS_TBCEP (COD_BAIRRO_CEP,CODBAIRRO,CODCEP) values (8,2,5);
Insert into SYSTEMIVEN.TBBAIRRO_HAS_TBCEP (COD_BAIRRO_CEP,CODBAIRRO,CODCEP) values (9,2,9);

---------------------------------------------------
--   END DATA FOR TABLE TBBAIRRO_HAS_TBCEP
---------------------------------------------------


---------------------------------------------------
--   DATA FOR TABLE TBCEP
--   FILTER = none used
---------------------------------------------------
REM INSERTING into SYSTEMIVEN.TBCEP
Insert into SYSTEMIVEN.TBCEP (CODCEP,CEP,CODCIDADE) values (9,'38289-743',9);
Insert into SYSTEMIVEN.TBCEP (CODCEP,CEP,CODCIDADE) values (1,'89130-000',1);
Insert into SYSTEMIVEN.TBCEP (CODCEP,CEP,CODCIDADE) values (2,'43268-778',2);
Insert into SYSTEMIVEN.TBCEP (CODCEP,CEP,CODCIDADE) values (3,'34279-846',6);
Insert into SYSTEMIVEN.TBCEP (CODCEP,CEP,CODCIDADE) values (4,'34274-989',8);
Insert into SYSTEMIVEN.TBCEP (CODCEP,CEP,CODCIDADE) values (5,'32223-231',9);
Insert into SYSTEMIVEN.TBCEP (CODCEP,CEP,CODCIDADE) values (6,'89130-001',7);
Insert into SYSTEMIVEN.TBCEP (CODCEP,CEP,CODCIDADE) values (7,'12222-222',2);
Insert into SYSTEMIVEN.TBCEP (CODCEP,CEP,CODCIDADE) values (8,'78967-957',6);

---------------------------------------------------
--   END DATA FOR TABLE TBCEP
---------------------------------------------------


---------------------------------------------------
--   DATA FOR TABLE TBCHAMADA
--   FILTER = none used
---------------------------------------------------
REM INSERTING into SYSTEMIVEN.TBCHAMADA
Insert into SYSTEMIVEN.TBCHAMADA (NUMCHAMADA,DATAREALIZACAO,SITUACAO,NUMOCORRENCIAS,CODAMBIENTE,CODPATRIMONIO,CODFUNC,CODDEFEITO) values (1,to_timestamp('04/07/11 16:38:00,000000000','DD/MM/RR HH24:MI:SS,FF'),'Encerado',1,8,5,3,3);
Insert into SYSTEMIVEN.TBCHAMADA (NUMCHAMADA,DATAREALIZACAO,SITUACAO,NUMOCORRENCIAS,CODAMBIENTE,CODPATRIMONIO,CODFUNC,CODDEFEITO) values (2,to_timestamp('04/07/11 16:39:00,000000000','DD/MM/RR HH24:MI:SS,FF'),'Encerado',1,7,6,4,2);
Insert into SYSTEMIVEN.TBCHAMADA (NUMCHAMADA,DATAREALIZACAO,SITUACAO,NUMOCORRENCIAS,CODAMBIENTE,CODPATRIMONIO,CODFUNC,CODDEFEITO) values (3,to_timestamp('04/07/11 16:40:00,000000000','DD/MM/RR HH24:MI:SS,FF'),'Encerado',2,7,6,2,3);
Insert into SYSTEMIVEN.TBCHAMADA (NUMCHAMADA,DATAREALIZACAO,SITUACAO,NUMOCORRENCIAS,CODAMBIENTE,CODPATRIMONIO,CODFUNC,CODDEFEITO) values (4,to_timestamp('04/07/11 16:43:00,000000000','DD/MM/RR HH24:MI:SS,FF'),'Encerado',3,4,6,5,1);
Insert into SYSTEMIVEN.TBCHAMADA (NUMCHAMADA,DATAREALIZACAO,SITUACAO,NUMOCORRENCIAS,CODAMBIENTE,CODPATRIMONIO,CODFUNC,CODDEFEITO) values (5,to_timestamp('04/07/11 16:48:00,000000000','DD/MM/RR HH24:MI:SS,FF'),'Encerado',1,8,2,4,3);
Insert into SYSTEMIVEN.TBCHAMADA (NUMCHAMADA,DATAREALIZACAO,SITUACAO,NUMOCORRENCIAS,CODAMBIENTE,CODPATRIMONIO,CODFUNC,CODDEFEITO) values (6,to_timestamp('04/07/11 16:51:00,000000000','DD/MM/RR HH24:MI:SS,FF'),'Encerado',2,7,5,3,1);

---------------------------------------------------
--   END DATA FOR TABLE TBCHAMADA
---------------------------------------------------


---------------------------------------------------
--   DATA FOR TABLE TBCIDADE
--   FILTER = none used
---------------------------------------------------
REM INSERTING into SYSTEMIVEN.TBCIDADE
Insert into SYSTEMIVEN.TBCIDADE (CODCIDADE,CIDADE) values (10,'Pomerode');
Insert into SYSTEMIVEN.TBCIDADE (CODCIDADE,CIDADE) values (1,'Cidade');
Insert into SYSTEMIVEN.TBCIDADE (CODCIDADE,CIDADE) values (2,'Blumenau');
Insert into SYSTEMIVEN.TBCIDADE (CODCIDADE,CIDADE) values (3,'Timbó');
Insert into SYSTEMIVEN.TBCIDADE (CODCIDADE,CIDADE) values (4,'Navegantes');
Insert into SYSTEMIVEN.TBCIDADE (CODCIDADE,CIDADE) values (5,'Florianópolis');
Insert into SYSTEMIVEN.TBCIDADE (CODCIDADE,CIDADE) values (6,'Balneário Camboriú');
Insert into SYSTEMIVEN.TBCIDADE (CODCIDADE,CIDADE) values (7,'Indaial');
Insert into SYSTEMIVEN.TBCIDADE (CODCIDADE,CIDADE) values (8,'Gaspar');
Insert into SYSTEMIVEN.TBCIDADE (CODCIDADE,CIDADE) values (9,'Camboriú');

---------------------------------------------------
--   END DATA FOR TABLE TBCIDADE
---------------------------------------------------


---------------------------------------------------
--   DATA FOR TABLE TBDEFEITO
--   FILTER = none used
---------------------------------------------------
REM INSERTING into SYSTEMIVEN.TBDEFEITO
Insert into SYSTEMIVEN.TBDEFEITO (CODDEFEITO,DEFEITO) values (1,'placa');
Insert into SYSTEMIVEN.TBDEFEITO (CODDEFEITO,DEFEITO) values (2,'dasvs');
Insert into SYSTEMIVEN.TBDEFEITO (CODDEFEITO,DEFEITO) values (3,'Fonte');

---------------------------------------------------
--   END DATA FOR TABLE TBDEFEITO
---------------------------------------------------


---------------------------------------------------
--   DATA FOR TABLE TBEMPRESA
--   FILTER = none used
---------------------------------------------------
REM INSERTING into SYSTEMIVEN.TBEMPRESA
Insert into SYSTEMIVEN.TBEMPRESA (CODEMP,EMAIL,CODPESSOA) values (1,'proway@proway.com.br',9);
Insert into SYSTEMIVEN.TBEMPRESA (CODEMP,EMAIL,CODPESSOA) values (2,'eletrotec@bol.com.br',10);
Insert into SYSTEMIVEN.TBEMPRESA (CODEMP,EMAIL,CODPESSOA) values (3,'emp@hotmail.com',11);
Insert into SYSTEMIVEN.TBEMPRESA (CODEMP,EMAIL,CODPESSOA) values (4,'tal@hotmail.com.br',12);

---------------------------------------------------
--   END DATA FOR TABLE TBEMPRESA
---------------------------------------------------


---------------------------------------------------
--   DATA FOR TABLE TBENDERECO
--   FILTER = none used
---------------------------------------------------
REM INSERTING into SYSTEMIVEN.TBENDERECO
Insert into SYSTEMIVEN.TBENDERECO (CODENDERECO,ENDERECO) values (1,'Rua Uberaba');
Insert into SYSTEMIVEN.TBENDERECO (CODENDERECO,ENDERECO) values (2,'Rua das Nações');
Insert into SYSTEMIVEN.TBENDERECO (CODENDERECO,ENDERECO) values (6,'Avenida 7');
Insert into SYSTEMIVEN.TBENDERECO (CODENDERECO,ENDERECO) values (4,'Rua Brasil');
Insert into SYSTEMIVEN.TBENDERECO (CODENDERECO,ENDERECO) values (7,'Rua XV de Novembro');
Insert into SYSTEMIVEN.TBENDERECO (CODENDERECO,ENDERECO) values (8,'Rua Joinvile');

---------------------------------------------------
--   END DATA FOR TABLE TBENDERECO
---------------------------------------------------


---------------------------------------------------
--   DATA FOR TABLE TBENDERECO_HAS_TBBAI_CEP
--   FILTER = none used
---------------------------------------------------
REM INSERTING into SYSTEMIVEN.TBENDERECO_HAS_TBBAI_CEP
Insert into SYSTEMIVEN.TBENDERECO_HAS_TBBAI_CEP (COD_ENDERECO_BAI_CEP,CODENDERECO,COD_BAIRRO_CEP) values (1,1,1);
Insert into SYSTEMIVEN.TBENDERECO_HAS_TBBAI_CEP (COD_ENDERECO_BAI_CEP,CODENDERECO,COD_BAIRRO_CEP) values (2,2,2);
Insert into SYSTEMIVEN.TBENDERECO_HAS_TBBAI_CEP (COD_ENDERECO_BAI_CEP,CODENDERECO,COD_BAIRRO_CEP) values (3,4,8);
Insert into SYSTEMIVEN.TBENDERECO_HAS_TBBAI_CEP (COD_ENDERECO_BAI_CEP,CODENDERECO,COD_BAIRRO_CEP) values (4,4,7);
Insert into SYSTEMIVEN.TBENDERECO_HAS_TBBAI_CEP (COD_ENDERECO_BAI_CEP,CODENDERECO,COD_BAIRRO_CEP) values (5,6,3);
Insert into SYSTEMIVEN.TBENDERECO_HAS_TBBAI_CEP (COD_ENDERECO_BAI_CEP,CODENDERECO,COD_BAIRRO_CEP) values (6,6,9);
Insert into SYSTEMIVEN.TBENDERECO_HAS_TBBAI_CEP (COD_ENDERECO_BAI_CEP,CODENDERECO,COD_BAIRRO_CEP) values (7,7,3);
Insert into SYSTEMIVEN.TBENDERECO_HAS_TBBAI_CEP (COD_ENDERECO_BAI_CEP,CODENDERECO,COD_BAIRRO_CEP) values (8,8,3);

---------------------------------------------------
--   END DATA FOR TABLE TBENDERECO_HAS_TBBAI_CEP
---------------------------------------------------


---------------------------------------------------
--   DATA FOR TABLE TBFORNECEDOR
--   FILTER = none used
---------------------------------------------------
REM INSERTING into SYSTEMIVEN.TBFORNECEDOR
Insert into SYSTEMIVEN.TBFORNECEDOR (CODFORN,EMAIL,HOMEPAGE,CODPESSOA) values (1,'pauta@hotmail.com','www.pauta.com.br',5);
Insert into SYSTEMIVEN.TBFORNECEDOR (CODFORN,EMAIL,HOMEPAGE,CODPESSOA) values (2,'maser@gmail.com.br','www.maser.com.br',6);
Insert into SYSTEMIVEN.TBFORNECEDOR (CODFORN,EMAIL,HOMEPAGE,CODPESSOA) values (3,null,null,7);
Insert into SYSTEMIVEN.TBFORNECEDOR (CODFORN,EMAIL,HOMEPAGE,CODPESSOA) values (4,'2','2',8);

---------------------------------------------------
--   END DATA FOR TABLE TBFORNECEDOR
---------------------------------------------------


---------------------------------------------------
--   DATA FOR TABLE TBFUNCIONARIO
--   FILTER = none used
---------------------------------------------------
REM INSERTING into SYSTEMIVEN.TBFUNCIONARIO
Insert into SYSTEMIVEN.TBFUNCIONARIO (CODFUNC,SEXO,ESTADOCIVIL,DATANASC,COMPLEMENTO,NUMCARTTRAB,CARGO,SALARIO,USUARIO,SENHA,PERMISSAO,DATAADMISSAO,DATADEMISSAO,CODPESSOA) values (2,'M','Cas',to_timestamp('09/04/90 00:00:00,000000000','DD/MM/RR HH24:MI:SS,FF'),'Apto','3124978/591-7','Suporte',6000,'marcelo','52',2,to_timestamp('09/03/09 00:00:00,000000000','DD/MM/RR HH24:MI:SS,FF'),null,2);
Insert into SYSTEMIVEN.TBFUNCIONARIO (CODFUNC,SEXO,ESTADOCIVIL,DATANASC,COMPLEMENTO,NUMCARTTRAB,CARGO,SALARIO,USUARIO,SENHA,PERMISSAO,DATAADMISSAO,DATADEMISSAO,CODPESSOA) values (1,'M','Sol',to_timestamp('09/02/92 00:00:00,000000000','DD/MM/RR HH24:MI:SS,FF'),'casa','3142984/132-1','Estagiário',4320,8,'joao','333',2,to_timestamp('09/08/01 00:00:00,000000000','DD/MM/RR HH24:MI:SS,FF'),to_timestamp('09/08/08 00:00:00,000000000','DD/MM/RR HH24:MI:SS,FF'),1);
Insert into SYSTEMIVEN.TBFUNCIONARIO (CODFUNC,SEXO,ESTADOCIVIL,DATANASC,COMPLEMENTO,NUMCARTTRAB,CARGO,SALARIO,USUARIO,SENHA,PERMISSAO,DATAADMISSAO,DATADEMISSAO,CODPESSOA) values (3,'F','Sep',to_timestamp('09/08/80 00:00:00,000000000','DD/MM/RR HH24:MI:SS,FF'),'casa','3333333/333-3','3',1200,87,'maria','1',1,to_timestamp('08/03/09 00:00:00,000000000','DD/MM/RR HH24:MI:SS,FF'),null,3);
Insert into SYSTEMIVEN.TBFUNCIONARIO (CODFUNC,SEXO,ESTADOCIVIL,DATANASC,COMPLEMENTO,NUMCARTTRAB,CARGO,SALARIO,USUARIO,SENHA,PERMISSAO,DATAADMISSAO,DATADEMISSAO,CODPESSOA) values (4,'M','Sol',to_timestamp('09/08/76 00:00:00,000000000','DD/MM/RR HH24:MI:SS,FF'),'lote','5342958/495-8','54',440,'marcos','4',2,to_timestamp('09/08/00 00:00:00,000000000','DD/MM/RR HH24:MI:SS,FF'),null,4);
Insert into SYSTEMIVEN.TBFUNCIONARIO (CODFUNC,SEXO,ESTADOCIVIL,DATANASC,COMPLEMENTO,NUMCARTTRAB,CARGO,SALARIO,USUARIO,SENHA,PERMISSAO,DATAADMISSAO,DATADEMISSAO,CODPESSOA) values (7,'M','Sol',to_timestamp('09/02/90 00:00:00,000000000','DD/MM/RR HH24:MI:SS,FF'),'1','1111111/111-1','1',100,'h','1',2,to_timestamp('09/02/00 00:00:00,000000000','DD/MM/RR HH24:MI:SS,FF'),null,15);
Insert into SYSTEMIVEN.TBFUNCIONARIO (CODFUNC,SEXO,ESTADOCIVIL,DATANASC,COMPLEMENTO,NUMCARTTRAB,CARGO,SALARIO,USUARIO,SENHA,PERMISSAO,DATAADMISSAO,DATADEMISSAO,CODPESSOA) values (5,'M','Sol',to_timestamp('09/03/88 00:00:00,000000000','DD/MM/RR HH24:MI:SS,FF'),'casa','4856957/697-7','Estagiário',765,'mat','7',3,to_timestamp('09/05/10 00:00:00,000000000','DD/MM/RR HH24:MI:SS,FF'),null,13);
Insert into SYSTEMIVEN.TBFUNCIONARIO (CODFUNC,SEXO,ESTADOCIVIL,DATANASC,COMPLEMENTO,NUMCARTTRAB,CARGO,SALARIO,USUARIO,SENHA,PERMISSAO,DATAADMISSAO,DATADEMISSAO,CODPESSOA) values (6,'M','Cas',to_timestamp('09/05/90 00:00:00,000000000','DD/MM/RR HH24:MI:SS,FF'),'1','1111111/111-1','1',100,'1','1',1,to_timestamp('09/02/11 00:00:00,000000000','DD/MM/RR HH24:MI:SS,FF'),null,14);

---------------------------------------------------
--   END DATA FOR TABLE TBFUNCIONARIO
---------------------------------------------------


---------------------------------------------------
--   DATA FOR TABLE TBITEMCHAMADA
--   FILTER = none used
---------------------------------------------------
REM INSERTING into SYSTEMIVEN.TBITEMCHAMADA
Insert into SYSTEMIVEN.TBITEMCHAMADA (CODITEMCHAM,DESCRICAO,QTDADE,VALOR,DATAITEM,NUMCHAMADA) values (1,'2',2,2,to_timestamp('04/07/11 16:38:43,246000000','DD/MM/RR HH24:MI:SS,FF'),1);
Insert into SYSTEMIVEN.TBITEMCHAMADA (CODITEMCHAM,DESCRICAO,QTDADE,VALOR,DATAITEM,NUMCHAMADA) values (2,'1',1,1,to_timestamp('04/07/11 16:39:56,567000000','DD/MM/RR HH24:MI:SS,FF'),2);
Insert into SYSTEMIVEN.TBITEMCHAMADA (CODITEMCHAM,DESCRICAO,QTDADE,VALOR,DATAITEM,NUMCHAMADA) values (3,'2',2,2,to_timestamp('04/07/11 16:40:02,636000000','DD/MM/RR HH24:MI:SS,FF'),2);
Insert into SYSTEMIVEN.TBITEMCHAMADA (CODITEMCHAM,DESCRICAO,QTDADE,VALOR,DATAITEM,NUMCHAMADA) values (4,'1',1,1,to_timestamp('04/07/11 16:40:35,848000000','DD/MM/RR HH24:MI:SS,FF'),3);
Insert into SYSTEMIVEN.TBITEMCHAMADA (CODITEMCHAM,DESCRICAO,QTDADE,VALOR,DATAITEM,NUMCHAMADA) values (5,'5',5,54,to_timestamp('04/07/11 16:44:02,225000000','DD/MM/RR HH24:MI:SS,FF'),4);
Insert into SYSTEMIVEN.TBITEMCHAMADA (CODITEMCHAM,DESCRICAO,QTDADE,VALOR,DATAITEM,NUMCHAMADA) values (6,'3',3,3,to_timestamp('04/07/11 16:49:22,847000000','DD/MM/RR HH24:MI:SS,FF'),5);
Insert into SYSTEMIVEN.TBITEMCHAMADA (CODITEMCHAM,DESCRICAO,QTDADE,VALOR,DATAITEM,NUMCHAMADA) values (7,'1',1,1,to_timestamp('04/07/11 16:51:41,486000000','DD/MM/RR HH24:MI:SS,FF'),6);

---------------------------------------------------
--   END DATA FOR TABLE TBITEMCHAMADA
---------------------------------------------------


---------------------------------------------------
--   DATA FOR TABLE TBPATRIMONIO
--   FILTER = none used
---------------------------------------------------
REM INSERTING into SYSTEMIVEN.TBPATRIMONIO
Insert into SYSTEMIVEN.TBPATRIMONIO (CODPATRIMONIO,DATACADAS,ULTALTERACAO,DESCRICAO,DATAAQUISICAO,NUMNOTAFISCAL,NUMSERIE,MESESGARANTIA,VALOR,SITUACAOBEM,CODAMBIENTE,CODFORN,CODEMP) values (1,to_timestamp('03/07/11 14:29:00,000000000','DD/MM/RR HH24:MI:SS,FF'),to_timestamp('03/07/11 14:44:07,652000000','DD/MM/RR HH24:MI:SS,FF'),'Computador',to_timestamp('09/03/11 00:00:00,000000000','DD/MM/RR HH24:MI:SS,FF'),7436,'75rhf',0,1234,1,3,2,1);
Insert into SYSTEMIVEN.TBPATRIMONIO (CODPATRIMONIO,DATACADAS,ULTALTERACAO,DESCRICAO,DATAAQUISICAO,NUMNOTAFISCAL,NUMSERIE,MESESGARANTIA,VALOR,SITUACAOBEM,CODAMBIENTE,CODFORN,CODEMP) values (2,to_timestamp('03/07/11 14:42:00,000000000','DD/MM/RR HH24:MI:SS,FF'),to_timestamp('03/07/11 14:43:23,629000000','DD/MM/RR HH24:MI:SS,FF'),'Monitor',to_timestamp('09/02/01 00:00:00,000000000','DD/MM/RR HH24:MI:SS,FF'),48,'3642',12,876,87,2,6,1,2);
Insert into SYSTEMIVEN.TBPATRIMONIO (CODPATRIMONIO,DATACADAS,ULTALTERACAO,DESCRICAO,DATAAQUISICAO,NUMNOTAFISCAL,NUMSERIE,MESESGARANTIA,VALOR,SITUACAOBEM,CODAMBIENTE,CODFORN,CODEMP) values (3,to_timestamp('03/07/11 14:44:00,000000000','DD/MM/RR HH24:MI:SS,FF'),to_timestamp('03/07/11 14:44:48,111000000','DD/MM/RR HH24:MI:SS,FF'),'Mouse',to_timestamp('09/02/99 00:00:00,000000000','DD/MM/RR HH24:MI:SS,FF'),233,'udcew8723',0,7,4,8,2,1);
Insert into SYSTEMIVEN.TBPATRIMONIO (CODPATRIMONIO,DATACADAS,ULTALTERACAO,DESCRICAO,DATAAQUISICAO,NUMNOTAFISCAL,NUMSERIE,MESESGARANTIA,VALOR,SITUACAOBEM,CODAMBIENTE,CODFORN,CODEMP) values (4,to_timestamp('03/07/11 14:44:00,000000000','DD/MM/RR HH24:MI:SS,FF'),to_timestamp('03/07/11 14:49:50,286000000','DD/MM/RR HH24:MI:SS,FF'),'TV 29" Plasma',to_timestamp('09/05/09 00:00:00,000000000','DD/MM/RR HH24:MI:SS,FF'),74,'7e26fgy',3,1200,87,1,6,2,2);
Insert into SYSTEMIVEN.TBPATRIMONIO (CODPATRIMONIO,DATACADAS,ULTALTERACAO,DESCRICAO,DATAAQUISICAO,NUMNOTAFISCAL,NUMSERIE,MESESGARANTIA,VALOR,SITUACAOBEM,CODAMBIENTE,CODFORN,CODEMP) values (5,to_timestamp('03/07/11 14:45:00,000000000','DD/MM/RR HH24:MI:SS,FF'),to_timestamp('03/07/11 14:46:11,555000000','DD/MM/RR HH24:MI:SS,FF'),'TV 27" Plasma',to_timestamp('09/02/09 00:00:00,000000000','DD/MM/RR HH24:MI:SS,FF'),732,'2',4,988,87,3,8,3,2);
Insert into SYSTEMIVEN.TBPATRIMONIO (CODPATRIMONIO,DATACADAS,ULTALTERACAO,DESCRICAO,DATAAQUISICAO,NUMNOTAFISCAL,NUMSERIE,MESESGARANTIA,VALOR,SITUACAOBEM,CODAMBIENTE,CODFORN,CODEMP) values (6,to_timestamp('03/07/11 14:46:00,000000000','DD/MM/RR HH24:MI:SS,FF'),to_timestamp('03/07/11 14:47:43,081000000','DD/MM/RR HH24:MI:SS,FF'),'Notebook HP 4 GB RAM Core i5 500GB HD',to_timestamp('09/02/09 00:00:00,000000000','DD/MM/RR HH24:MI:SS,FF'),874,'22wsdew',12,3420,7,1,6,1,2);

---------------------------------------------------
--   END DATA FOR TABLE TBPATRIMONIO
---------------------------------------------------


---------------------------------------------------
--   DATA FOR TABLE TBPESSOA
--   FILTER = none used
---------------------------------------------------
REM INSERTING into SYSTEMIVEN.TBPESSOA
Insert into SYSTEMIVEN.TBPESSOA (CODPESSOA,DATACADAS,ULTALTERACAO,NOME,CPFCNPJ,RGIE,NUMERO,CONTATO,COD_ENDERECO_BAI_CEP) values (2,to_timestamp('02/07/11 14:16:00,000000000','DD/MM/RR HH24:MI:SS,FF'),to_timestamp('02/07/11 21:33:52,973000000','DD/MM/RR HH24:MI:SS,FF'),'Marcelo','222.222.222-29','3.333.333',20,'(40)0000-0000',2);
Insert into SYSTEMIVEN.TBPESSOA (CODPESSOA,DATACADAS,ULTALTERACAO,NOME,CPFCNPJ,RGIE,NUMERO,CONTATO,COD_ENDERECO_BAI_CEP) values (1,to_timestamp('02/07/11 14:04:00,000000000','DD/MM/RR HH24:MI:SS,FF'),to_timestamp('02/07/11 14:42:27,976000000','DD/MM/RR HH24:MI:SS,FF'),'João','111.111.111-11','1.111.122',90,'(47)1926-7315',1);
Insert into SYSTEMIVEN.TBPESSOA (CODPESSOA,DATACADAS,ULTALTERACAO,NOME,CPFCNPJ,RGIE,NUMERO,CONTATO,COD_ENDERECO_BAI_CEP) values (3,to_timestamp('02/07/11 14:19:00,000000000','DD/MM/RR HH24:MI:SS,FF'),to_timestamp('02/07/11 14:42:13,017000000','DD/MM/RR HH24:MI:SS,FF'),'Maria','455.555.555-55','1.111.111',89,'(33)3333-3333',8);
Insert into SYSTEMIVEN.TBPESSOA (CODPESSOA,DATACADAS,ULTALTERACAO,NOME,CPFCNPJ,RGIE,NUMERO,CONTATO,COD_ENDERECO_BAI_CEP) values (4,to_timestamp('02/07/11 14:42:00,000000000','DD/MM/RR HH24:MI:SS,FF'),to_timestamp('02/07/11 14:43:27,500000000','DD/MM/RR HH24:MI:SS,FF'),'Marcos','222.222.222-22','2.142.143',22,'(27)1497-3894',3);
Insert into SYSTEMIVEN.TBPESSOA (CODPESSOA,DATACADAS,ULTALTERACAO,NOME,CPFCNPJ,RGIE,NUMERO,CONTATO,COD_ENDERECO_BAI_CEP) values (9,to_timestamp('02/07/11 20:35:00,000000000','DD/MM/RR HH24:MI:SS,FF'),to_timestamp('02/07/11 20:36:15,020000000','DD/MM/RR HH24:MI:SS,FF'),'Proway','88.888.888/8888-88','748.938.697',56,'(34)8975-8974',7);
Insert into SYSTEMIVEN.TBPESSOA (CODPESSOA,DATACADAS,ULTALTERACAO,NOME,CPFCNPJ,RGIE,NUMERO,CONTATO,COD_ENDERECO_BAI_CEP) values (11,to_timestamp('02/07/11 20:38:00,000000000','DD/MM/RR HH24:MI:SS,FF'),to_timestamp('02/07/11 20:40:14,336000000','DD/MM/RR HH24:MI:SS,FF'),'Empresa ltda','76.278.539/6589-67','495.869.386',4,'(45)4365-6357',4);
Insert into SYSTEMIVEN.TBPESSOA (CODPESSOA,DATACADAS,ULTALTERACAO,NOME,CPFCNPJ,RGIE,NUMERO,CONTATO,COD_ENDERECO_BAI_CEP) values (10,to_timestamp('02/07/11 20:36:00,000000000','DD/MM/RR HH24:MI:SS,FF'),to_timestamp('02/07/11 20:45:51,166000000','DD/MM/RR HH24:MI:SS,FF'),'Elétrotec LTDA','77.777.777/7777-77','546.567.546',33,'(33)3333-3333',7);
Insert into SYSTEMIVEN.TBPESSOA (CODPESSOA,DATACADAS,ULTALTERACAO,NOME,CPFCNPJ,RGIE,NUMERO,CONTATO,COD_ENDERECO_BAI_CEP) values (12,to_timestamp('02/07/11 20:40:00,000000000','DD/MM/RR HH24:MI:SS,FF'),to_timestamp('02/07/11 20:51:25,694000000','DD/MM/RR HH24:MI:SS,FF'),'tal','22.323.333/3333-33','339.589.578',12,'(99)9999-9999',6);
Insert into SYSTEMIVEN.TBPESSOA (CODPESSOA,DATACADAS,ULTALTERACAO,NOME,CPFCNPJ,RGIE,NUMERO,CONTATO,COD_ENDERECO_BAI_CEP) values (15,to_timestamp('04/07/11 14:06:00,000000000','DD/MM/RR HH24:MI:SS,FF'),to_timestamp('04/07/11 14:07:30,870000000','DD/MM/RR HH24:MI:SS,FF'),'1','676.666.666-66','1.111.111',1,'(11)1111-1111',5);
Insert into SYSTEMIVEN.TBPESSOA (CODPESSOA,DATACADAS,ULTALTERACAO,NOME,CPFCNPJ,RGIE,NUMERO,CONTATO,COD_ENDERECO_BAI_CEP) values (13,to_timestamp('02/07/11 21:31:00,000000000','DD/MM/RR HH24:MI:SS,FF'),to_timestamp('02/07/11 21:33:34,206000000','DD/MM/RR HH24:MI:SS,FF'),'Matheus','453.789.569-86','3.586.787',5,'(88)8883-7289',4);
Insert into SYSTEMIVEN.TBPESSOA (CODPESSOA,DATACADAS,ULTALTERACAO,NOME,CPFCNPJ,RGIE,NUMERO,CONTATO,COD_ENDERECO_BAI_CEP) values (5,to_timestamp('02/07/11 17:13:00,000000000','DD/MM/RR HH24:MI:SS,FF'),to_timestamp('02/07/11 17:17:04,512000000','DD/MM/RR HH24:MI:SS,FF'),'Pauta LTDA','11.111.111/1111-11','574.897.534',3454,'(48)5127-8342',5);
Insert into SYSTEMIVEN.TBPESSOA (CODPESSOA,DATACADAS,ULTALTERACAO,NOME,CPFCNPJ,RGIE,NUMERO,CONTATO,COD_ENDERECO_BAI_CEP) values (6,to_timestamp('02/07/11 17:17:00,000000000','DD/MM/RR HH24:MI:SS,FF'),to_timestamp('02/07/11 17:17:55,971000000','DD/MM/RR HH24:MI:SS,FF'),'Maser LTDA','22.222.222/2222-22','734.896.735',876,'(31)4876-4873',4);
Insert into SYSTEMIVEN.TBPESSOA (CODPESSOA,DATACADAS,ULTALTERACAO,NOME,CPFCNPJ,RGIE,NUMERO,CONTATO,COD_ENDERECO_BAI_CEP) values (7,to_timestamp('02/07/11 17:17:00,000000000','DD/MM/RR HH24:MI:SS,FF'),to_timestamp('02/07/11 17:45:51,436000000','DD/MM/RR HH24:MI:SS,FF'),'desconhecido','33.333.333/3333-33','734.289.578',3,'(22)2222-2222',2);
Insert into SYSTEMIVEN.TBPESSOA (CODPESSOA,DATACADAS,ULTALTERACAO,NOME,CPFCNPJ,RGIE,NUMERO,CONTATO,COD_ENDERECO_BAI_CEP) values (8,to_timestamp('02/07/11 17:18:00,000000000','DD/MM/RR HH24:MI:SS,FF'),to_timestamp('02/07/11 17:46:08,221000000','DD/MM/RR HH24:MI:SS,FF'),'1','11.111.111/1111-12','111.111.112',2,'(22)2222-2222',5);
Insert into SYSTEMIVEN.TBPESSOA (CODPESSOA,DATACADAS,ULTALTERACAO,NOME,CPFCNPJ,RGIE,NUMERO,CONTATO,COD_ENDERECO_BAI_CEP) values (14,to_timestamp('04/07/11 14:00:00,000000000','DD/MM/RR HH24:MI:SS,FF'),to_timestamp('04/07/11 14:01:39,364000000','DD/MM/RR HH24:MI:SS,FF'),'1','888.888.888-88',' .   .   ',1,'(11)1111-1111',4);

---------------------------------------------------
--   END DATA FOR TABLE TBPESSOA
---------------------------------------------------

--------------------------------------------------------
--  Constraints for Table TBPESSOA
--------------------------------------------------------

  ALTER TABLE "SYSTEMIVEN"."TBPESSOA" MODIFY ("DATACADAS" NOT NULL ENABLE);
 
  ALTER TABLE "SYSTEMIVEN"."TBPESSOA" MODIFY ("ULTALTERACAO" NOT NULL ENABLE);
 
  ALTER TABLE "SYSTEMIVEN"."TBPESSOA" MODIFY ("NOME" NOT NULL ENABLE);
 
  ALTER TABLE "SYSTEMIVEN"."TBPESSOA" MODIFY ("CPFCNPJ" NOT NULL ENABLE);
 
  ALTER TABLE "SYSTEMIVEN"."TBPESSOA" MODIFY ("RGIE" NOT NULL ENABLE);
 
  ALTER TABLE "SYSTEMIVEN"."TBPESSOA" MODIFY ("NUMERO" NOT NULL ENABLE);
 
  ALTER TABLE "SYSTEMIVEN"."TBPESSOA" MODIFY ("CONTATO" NOT NULL ENABLE);
 
  ALTER TABLE "SYSTEMIVEN"."TBPESSOA" MODIFY ("COD_ENDERECO_BAI_CEP" NOT NULL ENABLE);
 
  ALTER TABLE "SYSTEMIVEN"."TBPESSOA" ADD PRIMARY KEY ("CODPESSOA")
  USING INDEX PCTFREE 10 INITRANS 2 MAXTRANS 255 COMPUTE STATISTICS 
  STORAGE(INITIAL 65536 NEXT 1048576 MINEXTENTS 1 MAXEXTENTS 2147483645
  PCTINCREASE 0 FREELISTS 1 FREELIST GROUPS 1 BUFFER_POOL DEFAULT)
  TABLESPACE "USERS"  ENABLE;
--------------------------------------------------------
--  Constraints for Table TBFORNECEDOR
--------------------------------------------------------

  ALTER TABLE "SYSTEMIVEN"."TBFORNECEDOR" MODIFY ("CODPESSOA" NOT NULL ENABLE);
 
  ALTER TABLE "SYSTEMIVEN"."TBFORNECEDOR" ADD PRIMARY KEY ("CODFORN")
  USING INDEX PCTFREE 10 INITRANS 2 MAXTRANS 255 COMPUTE STATISTICS 
  STORAGE(INITIAL 65536 NEXT 1048576 MINEXTENTS 1 MAXEXTENTS 2147483645
  PCTINCREASE 0 FREELISTS 1 FREELIST GROUPS 1 BUFFER_POOL DEFAULT)
  TABLESPACE "USERS"  ENABLE;
--------------------------------------------------------
--  Constraints for Table TBITEMCHAMADA
--------------------------------------------------------

  ALTER TABLE "SYSTEMIVEN"."TBITEMCHAMADA" MODIFY ("DESCRICAO" NOT NULL ENABLE);
 
  ALTER TABLE "SYSTEMIVEN"."TBITEMCHAMADA" MODIFY ("QTDADE" NOT NULL ENABLE);
 
  ALTER TABLE "SYSTEMIVEN"."TBITEMCHAMADA" MODIFY ("VALOR" NOT NULL ENABLE);
 
  ALTER TABLE "SYSTEMIVEN"."TBITEMCHAMADA" MODIFY ("DATAITEM" NOT NULL ENABLE);
 
  ALTER TABLE "SYSTEMIVEN"."TBITEMCHAMADA" MODIFY ("NUMCHAMADA" NOT NULL ENABLE);
 
  ALTER TABLE "SYSTEMIVEN"."TBITEMCHAMADA" ADD PRIMARY KEY ("CODITEMCHAM")
  USING INDEX PCTFREE 10 INITRANS 2 MAXTRANS 255 
  STORAGE(INITIAL 65536 NEXT 1048576 MINEXTENTS 1 MAXEXTENTS 2147483645
  PCTINCREASE 0 FREELISTS 1 FREELIST GROUPS 1 BUFFER_POOL DEFAULT)
  TABLESPACE "USERS"  ENABLE;
--------------------------------------------------------
--  Constraints for Table TBBAIRRO
--------------------------------------------------------

  ALTER TABLE "SYSTEMIVEN"."TBBAIRRO" MODIFY ("BAIRRO" NOT NULL ENABLE);
 
  ALTER TABLE "SYSTEMIVEN"."TBBAIRRO" ADD PRIMARY KEY ("CODBAIRRO")
  USING INDEX PCTFREE 10 INITRANS 2 MAXTRANS 255 COMPUTE STATISTICS 
  STORAGE(INITIAL 65536 NEXT 1048576 MINEXTENTS 1 MAXEXTENTS 2147483645
  PCTINCREASE 0 FREELISTS 1 FREELIST GROUPS 1 BUFFER_POOL DEFAULT)
  TABLESPACE "USERS"  ENABLE;
--------------------------------------------------------
--  Constraints for Table TBPATRIMONIO
--------------------------------------------------------

  ALTER TABLE "SYSTEMIVEN"."TBPATRIMONIO" MODIFY ("DATACADAS" NOT NULL ENABLE);
 
  ALTER TABLE "SYSTEMIVEN"."TBPATRIMONIO" MODIFY ("ULTALTERACAO" NOT NULL ENABLE);
 
  ALTER TABLE "SYSTEMIVEN"."TBPATRIMONIO" MODIFY ("DATAAQUISICAO" NOT NULL ENABLE);
 
  ALTER TABLE "SYSTEMIVEN"."TBPATRIMONIO" MODIFY ("NUMNOTAFISCAL" NOT NULL ENABLE);
 
  ALTER TABLE "SYSTEMIVEN"."TBPATRIMONIO" MODIFY ("NUMSERIE" NOT NULL ENABLE);
 
  ALTER TABLE "SYSTEMIVEN"."TBPATRIMONIO" MODIFY ("MESESGARANTIA" NOT NULL ENABLE);
 
  ALTER TABLE "SYSTEMIVEN"."TBPATRIMONIO" MODIFY ("VALOR" NOT NULL ENABLE);
 
  ALTER TABLE "SYSTEMIVEN"."TBPATRIMONIO" MODIFY ("SITUACAOBEM" NOT NULL ENABLE);
 
  ALTER TABLE "SYSTEMIVEN"."TBPATRIMONIO" MODIFY ("CODAMBIENTE" NOT NULL ENABLE);
 
  ALTER TABLE "SYSTEMIVEN"."TBPATRIMONIO" MODIFY ("CODFORN" NOT NULL ENABLE);
 
  ALTER TABLE "SYSTEMIVEN"."TBPATRIMONIO" MODIFY ("CODEMP" NOT NULL ENABLE);
 
  ALTER TABLE "SYSTEMIVEN"."TBPATRIMONIO" ADD PRIMARY KEY ("CODPATRIMONIO")
  USING INDEX PCTFREE 10 INITRANS 2 MAXTRANS 255 COMPUTE STATISTICS 
  STORAGE(INITIAL 65536 NEXT 1048576 MINEXTENTS 1 MAXEXTENTS 2147483645
  PCTINCREASE 0 FREELISTS 1 FREELIST GROUPS 1 BUFFER_POOL DEFAULT)
  TABLESPACE "USERS"  ENABLE;
 
  ALTER TABLE "SYSTEMIVEN"."TBPATRIMONIO" MODIFY ("DESCRICAO" NOT NULL ENABLE);
--------------------------------------------------------
--  Constraints for Table TBCEP
--------------------------------------------------------

  ALTER TABLE "SYSTEMIVEN"."TBCEP" MODIFY ("CEP" NOT NULL ENABLE);
 
  ALTER TABLE "SYSTEMIVEN"."TBCEP" MODIFY ("CODCIDADE" NOT NULL ENABLE);
 
  ALTER TABLE "SYSTEMIVEN"."TBCEP" ADD PRIMARY KEY ("CODCEP")
  USING INDEX PCTFREE 10 INITRANS 2 MAXTRANS 255 COMPUTE STATISTICS 
  STORAGE(INITIAL 65536 NEXT 1048576 MINEXTENTS 1 MAXEXTENTS 2147483645
  PCTINCREASE 0 FREELISTS 1 FREELIST GROUPS 1 BUFFER_POOL DEFAULT)
  TABLESPACE "USERS"  ENABLE;
--------------------------------------------------------
--  Constraints for Table TBCHAMADA
--------------------------------------------------------

  ALTER TABLE "SYSTEMIVEN"."TBCHAMADA" MODIFY ("DATAREALIZACAO" NOT NULL ENABLE);
 
  ALTER TABLE "SYSTEMIVEN"."TBCHAMADA" MODIFY ("SITUACAO" NOT NULL ENABLE);
 
  ALTER TABLE "SYSTEMIVEN"."TBCHAMADA" MODIFY ("NUMOCORRENCIAS" NOT NULL ENABLE);
 
  ALTER TABLE "SYSTEMIVEN"."TBCHAMADA" MODIFY ("CODAMBIENTE" NOT NULL ENABLE);
 
  ALTER TABLE "SYSTEMIVEN"."TBCHAMADA" MODIFY ("CODPATRIMONIO" NOT NULL ENABLE);
 
  ALTER TABLE "SYSTEMIVEN"."TBCHAMADA" MODIFY ("CODFUNC" NOT NULL ENABLE);
 
  ALTER TABLE "SYSTEMIVEN"."TBCHAMADA" MODIFY ("CODDEFEITO" NOT NULL ENABLE);
 
  ALTER TABLE "SYSTEMIVEN"."TBCHAMADA" ADD PRIMARY KEY ("NUMCHAMADA")
  USING INDEX PCTFREE 10 INITRANS 2 MAXTRANS 255 
  STORAGE(INITIAL 65536 NEXT 1048576 MINEXTENTS 1 MAXEXTENTS 2147483645
  PCTINCREASE 0 FREELISTS 1 FREELIST GROUPS 1 BUFFER_POOL DEFAULT)
  TABLESPACE "USERS"  ENABLE;
--------------------------------------------------------
--  Constraints for Table TBENDERECO_HAS_TBBAI_CEP
--------------------------------------------------------

  ALTER TABLE "SYSTEMIVEN"."TBENDERECO_HAS_TBBAI_CEP" MODIFY ("CODENDERECO" NOT NULL ENABLE);
 
  ALTER TABLE "SYSTEMIVEN"."TBENDERECO_HAS_TBBAI_CEP" MODIFY ("COD_BAIRRO_CEP" NOT NULL ENABLE);
 
  ALTER TABLE "SYSTEMIVEN"."TBENDERECO_HAS_TBBAI_CEP" ADD PRIMARY KEY ("COD_ENDERECO_BAI_CEP")
  USING INDEX PCTFREE 10 INITRANS 2 MAXTRANS 255 COMPUTE STATISTICS 
  STORAGE(INITIAL 65536 NEXT 1048576 MINEXTENTS 1 MAXEXTENTS 2147483645
  PCTINCREASE 0 FREELISTS 1 FREELIST GROUPS 1 BUFFER_POOL DEFAULT)
  TABLESPACE "USERS"  ENABLE;
--------------------------------------------------------
--  Constraints for Table TBEMPRESA
--------------------------------------------------------

  ALTER TABLE "SYSTEMIVEN"."TBEMPRESA" MODIFY ("CODPESSOA" NOT NULL ENABLE);
 
  ALTER TABLE "SYSTEMIVEN"."TBEMPRESA" ADD PRIMARY KEY ("CODEMP")
  USING INDEX PCTFREE 10 INITRANS 2 MAXTRANS 255 COMPUTE STATISTICS 
  STORAGE(INITIAL 65536 NEXT 1048576 MINEXTENTS 1 MAXEXTENTS 2147483645
  PCTINCREASE 0 FREELISTS 1 FREELIST GROUPS 1 BUFFER_POOL DEFAULT)
  TABLESPACE "USERS"  ENABLE;
--------------------------------------------------------
--  Constraints for Table TBAMBIENTE
--------------------------------------------------------

  ALTER TABLE "SYSTEMIVEN"."TBAMBIENTE" ADD PRIMARY KEY ("CODAMBIENTE")
  USING INDEX PCTFREE 10 INITRANS 2 MAXTRANS 255 COMPUTE STATISTICS 
  STORAGE(INITIAL 65536 NEXT 1048576 MINEXTENTS 1 MAXEXTENTS 2147483645
  PCTINCREASE 0 FREELISTS 1 FREELIST GROUPS 1 BUFFER_POOL DEFAULT)
  TABLESPACE "USERS"  ENABLE;
--------------------------------------------------------
--  Constraints for Table TBCIDADE
--------------------------------------------------------

  ALTER TABLE "SYSTEMIVEN"."TBCIDADE" MODIFY ("CIDADE" NOT NULL ENABLE);
 
  ALTER TABLE "SYSTEMIVEN"."TBCIDADE" ADD PRIMARY KEY ("CODCIDADE")
  USING INDEX PCTFREE 10 INITRANS 2 MAXTRANS 255 COMPUTE STATISTICS 
  STORAGE(INITIAL 65536 NEXT 1048576 MINEXTENTS 1 MAXEXTENTS 2147483645
  PCTINCREASE 0 FREELISTS 1 FREELIST GROUPS 1 BUFFER_POOL DEFAULT)
  TABLESPACE "USERS"  ENABLE;
--------------------------------------------------------
--  Constraints for Table TBENDERECO
--------------------------------------------------------

  ALTER TABLE "SYSTEMIVEN"."TBENDERECO" MODIFY ("ENDERECO" NOT NULL ENABLE);
 
  ALTER TABLE "SYSTEMIVEN"."TBENDERECO" ADD PRIMARY KEY ("CODENDERECO")
  USING INDEX PCTFREE 10 INITRANS 2 MAXTRANS 255 COMPUTE STATISTICS 
  STORAGE(INITIAL 65536 NEXT 1048576 MINEXTENTS 1 MAXEXTENTS 2147483645
  PCTINCREASE 0 FREELISTS 1 FREELIST GROUPS 1 BUFFER_POOL DEFAULT)
  TABLESPACE "USERS"  ENABLE;
--------------------------------------------------------
--  Constraints for Table TBFUNCIONARIO
--------------------------------------------------------

  ALTER TABLE "SYSTEMIVEN"."TBFUNCIONARIO" MODIFY ("SEXO" NOT NULL ENABLE);
 
  ALTER TABLE "SYSTEMIVEN"."TBFUNCIONARIO" MODIFY ("ESTADOCIVIL" NOT NULL ENABLE);
 
  ALTER TABLE "SYSTEMIVEN"."TBFUNCIONARIO" MODIFY ("DATANASC" NOT NULL ENABLE);
 
  ALTER TABLE "SYSTEMIVEN"."TBFUNCIONARIO" MODIFY ("COMPLEMENTO" NOT NULL ENABLE);
 
  ALTER TABLE "SYSTEMIVEN"."TBFUNCIONARIO" MODIFY ("NUMCARTTRAB" NOT NULL ENABLE);
 
  ALTER TABLE "SYSTEMIVEN"."TBFUNCIONARIO" MODIFY ("CARGO" NOT NULL ENABLE);
 
  ALTER TABLE "SYSTEMIVEN"."TBFUNCIONARIO" MODIFY ("SALARIO" NOT NULL ENABLE);
 
  ALTER TABLE "SYSTEMIVEN"."TBFUNCIONARIO" MODIFY ("USUARIO" NOT NULL ENABLE);
 
  ALTER TABLE "SYSTEMIVEN"."TBFUNCIONARIO" MODIFY ("SENHA" NOT NULL ENABLE);
 
  ALTER TABLE "SYSTEMIVEN"."TBFUNCIONARIO" MODIFY ("PERMISSAO" NOT NULL ENABLE);
 
  ALTER TABLE "SYSTEMIVEN"."TBFUNCIONARIO" MODIFY ("DATAADMISSAO" NOT NULL ENABLE);
 
  ALTER TABLE "SYSTEMIVEN"."TBFUNCIONARIO" MODIFY ("CODPESSOA" NOT NULL ENABLE);
 
  ALTER TABLE "SYSTEMIVEN"."TBFUNCIONARIO" ADD PRIMARY KEY ("CODFUNC")
  USING INDEX PCTFREE 10 INITRANS 2 MAXTRANS 255 COMPUTE STATISTICS 
  STORAGE(INITIAL 65536 NEXT 1048576 MINEXTENTS 1 MAXEXTENTS 2147483645
  PCTINCREASE 0 FREELISTS 1 FREELIST GROUPS 1 BUFFER_POOL DEFAULT)
  TABLESPACE "USERS"  ENABLE;
--------------------------------------------------------
--  Constraints for Table TBBAIRRO_HAS_TBCEP
--------------------------------------------------------

  ALTER TABLE "SYSTEMIVEN"."TBBAIRRO_HAS_TBCEP" MODIFY ("CODBAIRRO" NOT NULL ENABLE);
 
  ALTER TABLE "SYSTEMIVEN"."TBBAIRRO_HAS_TBCEP" MODIFY ("CODCEP" NOT NULL ENABLE);
 
  ALTER TABLE "SYSTEMIVEN"."TBBAIRRO_HAS_TBCEP" ADD PRIMARY KEY ("COD_BAIRRO_CEP")
  USING INDEX PCTFREE 10 INITRANS 2 MAXTRANS 255 COMPUTE STATISTICS 
  STORAGE(INITIAL 65536 NEXT 1048576 MINEXTENTS 1 MAXEXTENTS 2147483645
  PCTINCREASE 0 FREELISTS 1 FREELIST GROUPS 1 BUFFER_POOL DEFAULT)
  TABLESPACE "USERS"  ENABLE;
--------------------------------------------------------
--  Constraints for Table TBDEFEITO
--------------------------------------------------------

  ALTER TABLE "SYSTEMIVEN"."TBDEFEITO" ADD PRIMARY KEY ("CODDEFEITO")
  USING INDEX PCTFREE 10 INITRANS 2 MAXTRANS 255 
  STORAGE(INITIAL 65536 NEXT 1048576 MINEXTENTS 1 MAXEXTENTS 2147483645
  PCTINCREASE 0 FREELISTS 1 FREELIST GROUPS 1 BUFFER_POOL DEFAULT)
  TABLESPACE "USERS"  ENABLE;


--------------------------------------------------------
--  Ref Constraints for Table TBBAIRRO_HAS_TBCEP
--------------------------------------------------------

  ALTER TABLE "SYSTEMIVEN"."TBBAIRRO_HAS_TBCEP" ADD CONSTRAINT "FKCODBAIRRO" FOREIGN KEY ("CODBAIRRO")
	  REFERENCES "SYSTEMIVEN"."TBBAIRRO" ("CODBAIRRO") ENABLE;
 
  ALTER TABLE "SYSTEMIVEN"."TBBAIRRO_HAS_TBCEP" ADD CONSTRAINT "FKCODCEP" FOREIGN KEY ("CODCEP")
	  REFERENCES "SYSTEMIVEN"."TBCEP" ("CODCEP") ENABLE;
--------------------------------------------------------
--  Ref Constraints for Table TBCEP
--------------------------------------------------------

  ALTER TABLE "SYSTEMIVEN"."TBCEP" ADD CONSTRAINT "FKCODCIDADE" FOREIGN KEY ("CODCIDADE")
	  REFERENCES "SYSTEMIVEN"."TBCIDADE" ("CODCIDADE") ENABLE;
--------------------------------------------------------
--  Ref Constraints for Table TBCHAMADA
--------------------------------------------------------

  ALTER TABLE "SYSTEMIVEN"."TBCHAMADA" ADD CONSTRAINT "FKCODAMBIENTE_CHAM" FOREIGN KEY ("CODAMBIENTE")
	  REFERENCES "SYSTEMIVEN"."TBAMBIENTE" ("CODAMBIENTE") ENABLE;
 
  ALTER TABLE "SYSTEMIVEN"."TBCHAMADA" ADD CONSTRAINT "FKCODDEFEITO_CHAM" FOREIGN KEY ("CODDEFEITO")
	  REFERENCES "SYSTEMIVEN"."TBDEFEITO" ("CODDEFEITO") ENABLE;
 
  ALTER TABLE "SYSTEMIVEN"."TBCHAMADA" ADD CONSTRAINT "FKCODFUNC_CHAM" FOREIGN KEY ("CODFUNC")
	  REFERENCES "SYSTEMIVEN"."TBFUNCIONARIO" ("CODFUNC") ENABLE;
 
  ALTER TABLE "SYSTEMIVEN"."TBCHAMADA" ADD CONSTRAINT "FKCODPATRIMONIO_CHAM" FOREIGN KEY ("CODPATRIMONIO")
	  REFERENCES "SYSTEMIVEN"."TBPATRIMONIO" ("CODPATRIMONIO") ENABLE;


--------------------------------------------------------
--  Ref Constraints for Table TBEMPRESA
--------------------------------------------------------

  ALTER TABLE "SYSTEMIVEN"."TBEMPRESA" ADD CONSTRAINT "FKCODPESSOA_EMP" FOREIGN KEY ("CODPESSOA")
	  REFERENCES "SYSTEMIVEN"."TBPESSOA" ("CODPESSOA") ENABLE;

--------------------------------------------------------
--  Ref Constraints for Table TBENDERECO_HAS_TBBAI_CEP
--------------------------------------------------------

  ALTER TABLE "SYSTEMIVEN"."TBENDERECO_HAS_TBBAI_CEP" ADD CONSTRAINT "FKCODENDERECO" FOREIGN KEY ("CODENDERECO")
	  REFERENCES "SYSTEMIVEN"."TBENDERECO" ("CODENDERECO") ENABLE;
 
  ALTER TABLE "SYSTEMIVEN"."TBENDERECO_HAS_TBBAI_CEP" ADD CONSTRAINT "FKCOD_BAIRRO_CEP" FOREIGN KEY ("COD_BAIRRO_CEP")
	  REFERENCES "SYSTEMIVEN"."TBBAIRRO_HAS_TBCEP" ("COD_BAIRRO_CEP") ENABLE;
--------------------------------------------------------
--  Ref Constraints for Table TBFORNECEDOR
--------------------------------------------------------

  ALTER TABLE "SYSTEMIVEN"."TBFORNECEDOR" ADD CONSTRAINT "FKCODPESSOA_FORN" FOREIGN KEY ("CODPESSOA")
	  REFERENCES "SYSTEMIVEN"."TBPESSOA" ("CODPESSOA") ENABLE;
--------------------------------------------------------
--  Ref Constraints for Table TBFUNCIONARIO
--------------------------------------------------------

  ALTER TABLE "SYSTEMIVEN"."TBFUNCIONARIO" ADD CONSTRAINT "FKCODPESSOA_FUNC" FOREIGN KEY ("CODPESSOA")
	  REFERENCES "SYSTEMIVEN"."TBPESSOA" ("CODPESSOA") ENABLE;
--------------------------------------------------------
--  Ref Constraints for Table TBITEMCHAMADA
--------------------------------------------------------

  ALTER TABLE "SYSTEMIVEN"."TBITEMCHAMADA" ADD CONSTRAINT "FKNUMCHAMADA_ITEM" FOREIGN KEY ("NUMCHAMADA")
	  REFERENCES "SYSTEMIVEN"."TBCHAMADA" ("NUMCHAMADA") ENABLE;
--------------------------------------------------------
--  Ref Constraints for Table TBPATRIMONIO
--------------------------------------------------------

  ALTER TABLE "SYSTEMIVEN"."TBPATRIMONIO" ADD CONSTRAINT "FKCODAMBIENTE_PATRI" FOREIGN KEY ("CODAMBIENTE")
	  REFERENCES "SYSTEMIVEN"."TBAMBIENTE" ("CODAMBIENTE") ENABLE;
 
  ALTER TABLE "SYSTEMIVEN"."TBPATRIMONIO" ADD CONSTRAINT "FKCODEMP_PATRI" FOREIGN KEY ("CODEMP")
	  REFERENCES "SYSTEMIVEN"."TBEMPRESA" ("CODEMP") ENABLE;
 
  ALTER TABLE "SYSTEMIVEN"."TBPATRIMONIO" ADD CONSTRAINT "FKCODFORN_PATRI" FOREIGN KEY ("CODFORN")
	  REFERENCES "SYSTEMIVEN"."TBFORNECEDOR" ("CODFORN") ENABLE;
--------------------------------------------------------
--  Ref Constraints for Table TBPESSOA
--------------------------------------------------------

  ALTER TABLE "SYSTEMIVEN"."TBPESSOA" ADD CONSTRAINT "FKCOD_ENDERECO_BAI_CEP" FOREIGN KEY ("COD_ENDERECO_BAI_CEP")
	  REFERENCES "SYSTEMIVEN"."TBENDERECO_HAS_TBBAI_CEP" ("COD_ENDERECO_BAI_CEP") ENABLE;
